year;week;p1;p2;p3;p4;p5;p6;p7;s1;s2;s3;s4
1971;1;1;9;18;19;36;37;;5;25;27
1971;2;3;14;15;17;20;25;;16;35;40
1971;3;9;23;26;36;38;39;;12;25;32
1971;4;5;15;26;30;33;39;;6;7;23
1971;5;5;12;20;24;28;33;;17;23;38
1971;6;1;8;11;27;31;36;;2;33;38
1971;7;11;14;23;24;26;36;;4;31;35
1971;8;9;19;21;31;33;38;;17;30;40
1971;9;8;9;12;15;23;39;;17;21;35
1971;10;7;9;10;32;35;39;;18;27;34
1971;11;1;10;14;22;26;38;;7;11;28
1971;12;3;5;8;11;16;31;;33;37;40
1971;13;6;7;13;17;36;37;;15;29;34
1971;14;17;19;20;23;24;32;;29;33;39
1971;15;5;6;10;11;31;39;;1;7;8
1971;16;9;13;16;27;29;31;;10;37;40
1971;17;2;3;12;22;23;39;;1;6;28
1971;18;8;13;18;30;36;38;;11;24;33
1971;19;3;19;26;27;36;37;;17;21;23
1971;20;1;7;11;21;22;34;;14;33;39
1971;21;4;10;14;19;28;38;;13;26;36
1971;22;4;12;16;17;33;39;;22;32;35
1971;23;4;12;14;31;34;35;;1;26;38
1971;24;21;27;33;35;36;38;;5;18;28
1971;25;3;10;21;24;33;36;;16;17;28
1971;26;2;4;7;8;22;23;;15;20;33
1971;27;7;10;18;31;33;39;;23;30;36
1971;28;12;17;25;26;28;37;;2;4;22
1971;29;8;18;25;27;35;40;;9;21;29
1971;30;6;15;18;29;32;40;;16;28;37
1971;31;2;3;6;26;27;29;;14;17;25
1971;32;6;17;19;21;27;35;;12;20;30
1971;33;1;6;14;15;29;39;;21;25;40
1971;34;9;13;16;27;34;40;;15;28;37
1971;35;2;5;13;27;28;36;;8;14;31
1971;36;6;8;9;25;26;40;;17;24;34
1971;37;4;6;10;25;28;30;;22;27;39
1971;38;3;15;20;24;29;32;;8;10;25
1971;39;2;6;11;14;20;38;;8;15;31
1971;40;1;12;26;29;31;35;;9;16;34
1971;41;1;4;16;32;34;39;;29;30;36
1971;42;2;6;16;26;28;38;;13;14;23
1971;43;2;3;21;25;26;38;;17;28;40
1971;44;3;11;15;36;37;38;;5;13;39
1971;45;27;29;30;32;33;37;;16;20;23
1971;46;8;13;15;21;24;28;;19;22;34
1971;47;6;19;24;27;29;40;;11;30;33
1971;48;25;28;32;33;38;40;;8;22;29
1971;49;1;8;12;34;36;37;;7;11;13
1971;50;2;4;12;27;36;39;;13;29;37
1971;51;15;19;22;27;33;38;;13;16;31
1971;52;4;13;16;19;31;33;;8;15;32
1972;1;9;13;17;19;32;36;;11;25
1972;2;5;12;18;20;29;38;;10;22
1972;3;5;9;11;12;30;34;;16;25
1972;4;2;4;18;36;38;39;;12;28
1972;5;1;4;19;24;30;33;;14;37
1972;6;6;13;17;22;27;31;;34;35
1972;7;14;23;26;27;31;34;;17;21
1972;8;13;15;16;20;29;35;;23;40
1972;9;8;17;19;26;30;36;;21;35
1972;10;6;10;20;21;31;38;;11;32
1972;11;2;17;22;24;31;33;;14;40
1972;12;9;18;25;32;33;35;;28;40
1972;13;9;12;25;27;33;38;;7;18
1972;14;1;8;13;25;31;35;;24;29
1972;15;1;2;8;10;26;36;;19;22
1972;16;8;15;17;20;27;30;;7;24
1972;17;13;14;22;30;33;34;;3;35
1972;18;24;26;27;36;38;39;;12;32
1972;19;6;14;21;24;28;31;;9;36
1972;20;2;3;10;15;30;40;;16;36
1972;21;1;4;11;22;32;38;;9;34
1972;22;5;11;20;25;30;32;;29;38
1972;23;6;10;24;28;29;33;;5;25
1972;24;6;8;10;19;26;27;;7;30
1972;25;2;8;12;30;32;39;;21;36
1972;26;10;17;21;24;30;36;;5;32
1972;27;13;14;15;16;18;23;;3;26
1972;28;20;23;24;33;34;37;;3;16
1972;29;3;9;21;30;31;37;;1;35
1972;30;9;10;24;35;37;39;;12;26
1972;31;7;18;25;26;31;35;;12;37
1972;32;17;18;29;30;36;39;;31;35
1972;33;3;4;9;31;32;33;;5;19
1972;34;14;20;29;30;31;32;;15;18
1972;35;6;7;24;31;39;40;;2;21
1972;36;1;5;6;32;38;39;;29;37
1972;37;5;30;32;35;38;39;;14;33
1972;38;5;16;22;24;31;40;;14;20
1972;39;4;6;7;9;19;32;;10;22
1972;40;8;12;15;37;38;40;;28;34
1972;41;6;10;21;31;38;40;;17;26
1972;42;1;3;14;22;26;29;;4;15
1972;43;24;31;32;34;38;40;;3;22
1972;44;14;16;25;28;30;33;;35;36
1972;45;6;21;26;29;38;39;;24;25
1972;46;5;10;18;28;32;33;;29;36
1972;47;4;5;18;35;38;40;;12;33
1972;48;5;8;12;14;15;37;;10;18
1972;49;5;8;21;34;38;39;;6;32
1972;50;2;3;14;27;33;40;;16;21
1972;51;8;11;16;26;31;40;;33;37
1972;52;7;20;21;22;29;36;;15;25
1973;1;7;13;17;33;39;40;;16;26
1973;2;8;16;29;30;32;39;;1;14
1973;3;2;8;10;22;30;31;;1;9
1973;4;12;19;20;24;25;39;;14;30
1973;5;2;9;16;18;21;38;;29;31
1973;6;2;6;16;20;26;38;;3;11
1973;7;2;12;14;18;30;38;;7;26
1973;8;6;9;20;26;34;36;;2;13
1973;9;8;15;20;27;32;39;;26;31
1973;10;5;15;29;36;38;39;;26;37
1973;11;1;9;29;34;35;36;;4;25
1973;12;4;10;17;28;31;35;;25;30
1973;13;8;24;28;36;38;40;;12;13
1973;14;1;7;14;15;26;35;;25;29
1973;15;1;9;15;25;26;31;;8;24
1973;16;2;11;13;31;35;39;;23;25
1973;17;14;31;34;36;38;39;;37;40
1973;18;2;4;15;27;28;33;;36;39
1973;19;5;15;21;29;30;40;;11;20
1973;20;14;19;20;23;33;34;;6;35
1973;21;21;25;27;28;32;39;;12;17
1973;22;4;5;6;32;36;37;;3;14
1973;23;3;7;12;22;27;30;;26;28
1973;24;10;13;15;18;26;31;;30;37
1973;25;1;16;23;27;30;38;;5;32
1973;26;20;24;26;27;37;40;;34;36
1973;27;12;16;18;33;35;37;;28;40
1973;28;5;9;16;23;28;31;;2;22
1973;29;25;31;32;33;34;38;;13;21
1973;30;2;9;22;28;30;34;;3;11
1973;31;5;6;9;16;17;35;;12;27
1973;32;6;18;22;23;25;38;;13;36
1973;33;4;10;14;21;25;37;;3;39
1973;34;1;12;13;20;24;25;;23;36
1973;35;3;10;11;19;22;35;;5;27
1973;36;6;7;13;14;24;26;;28;29
1973;37;9;10;13;30;31;36;;17;24
1973;38;2;23;24;29;30;39;;9;40
1973;39;1;16;19;20;26;29;;31;33
1973;40;2;5;10;23;24;29;;1;11
1973;41;10;16;21;24;27;38;;9;37
1973;42;3;8;14;22;25;30;;13;19
1973;43;2;8;16;29;32;40;;14;39
1973;44;4;7;10;17;31;33;;3;18
1973;45;2;14;18;25;26;39;;34;36
1973;46;16;18;22;25;29;32;;4;37
1973;47;2;5;6;13;24;34;;29;38
1973;48;15;16;20;27;33;34;;21;29
1973;49;12;22;27;30;33;39;;7;34
1973;50;1;4;8;13;21;33;;11;23
1973;51;8;20;21;24;29;38;;1;26
1973;52;7;11;14;17;19;24;;5;31
1974;1;1;13;16;21;32;34;;17;35
1974;2;1;11;14;17;28;34;;16;37
1974;3;4;6;8;11;13;24;;5;38
1974;4;6;7;15;34;35;37;;1;26
1974;5;3;14;15;25;32;33;;7;12
1974;6;1;5;14;17;30;32;;6;29
1974;7;2;8;15;22;29;31;;24;33
1974;8;1;7;26;28;33;36;;8;37
1974;9;1;9;11;13;31;34;;2;5
1974;10;12;13;21;29;33;36;;2;39
1974;11;3;5;17;21;22;40;;26;30
1974;12;6;14;19;21;22;32;;15;24
1974;13;6;8;17;34;37;40;;5;12
1974;14;5;6;12;16;27;29;;9;15
1974;15;2;4;8;12;22;37;;10;29
1974;16;2;17;33;35;37;38;;1;18
1974;17;11;18;21;25;37;39;;6;12
1974;18;3;7;16;17;20;31;;14;27
1974;19;7;25;27;28;30;40;;9;33
1974;20;24;33;34;36;38;39;;29;35
1974;21;8;9;10;12;26;35;;14;36
1974;22;3;11;15;19;26;37;;2;8
1974;23;17;26;27;33;37;39;;20;23
1974;24;17;18;22;26;32;38;;24;35
1974;25;3;5;13;15;18;22;;1;26
1974;26;9;11;17;18;20;29;;25;39
1974;27;15;18;19;23;31;39;;4;29
1974;28;5;6;11;24;33;40;;26;37
1974;29;2;5;18;23;30;32;;22;33
1974;30;1;3;5;21;32;39;;4;14
1974;31;6;22;23;30;35;36;;12;13
1974;32;3;7;16;26;30;31;;32;36
1974;33;3;8;16;28;29;35;;25;34
1974;34;1;15;25;29;36;39;;17;28
1974;35;4;15;33;35;37;40;;14;24
1974;36;4;9;12;14;16;29;;3;17
1974;37;3;15;25;34;37;40;;22;29
1974;38;6;9;21;27;33;37;;15;34
1974;39;2;3;21;23;30;34;;20;37
1974;40;9;17;26;27;34;37;;3;22
1974;41;5;6;11;25;27;35;;18;29
1974;42;10;15;17;20;26;35;;2;36
1974;43;4;18;30;32;35;36;;20;40
1974;44;3;7;16;22;25;38;;10;11
1974;45;2;3;9;18;22;25;;7;32
1974;46;6;10;20;21;27;34;;25;31
1974;47;3;14;18;21;32;38;;5;24
1974;48;15;21;22;23;34;39;;17;25
1974;49;16;17;22;28;29;39;;14;33
1974;50;4;5;10;16;24;37;;2;20
1974;51;2;16;21;27;29;34;;14;15
1974;52;4;9;11;25;26;37;;10;14
1975;1;5;7;8;9;16;33;;12;17
1975;2;10;14;16;19;21;27;;6;12
1975;3;6;7;14;19;22;40;;1;13
1975;4;4;16;21;25;26;37;;17;34
1975;5;1;22;24;25;26;34;;3;20
1975;6;10;13;18;29;39;40;;5;9
1975;7;1;18;19;22;29;32;;31;38
1975;8;22;23;24;25;28;39;;16;30
1975;9;10;12;14;21;34;38;;16;36
1975;10;8;10;24;29;38;40;;5;20
1975;11;15;22;23;30;31;36;;12;21
1975;12;9;10;17;20;23;28;;18;34
1975;13;12;24;28;32;34;37;;1;20
1975;14;7;8;13;16;17;32;;5;24
1975;15;6;7;16;21;23;29;;3;27
1975;16;3;8;16;26;30;33;;13;25
1975;17;1;2;12;17;22;23;;13;18
1975;18;12;16;22;23;28;33;;11;34
1975;19;5;12;18;26;33;38;;2;23
1975;20;1;6;8;13;17;39;;21;23
1975;21;9;11;24;27;35;39;;20;36
1975;22;14;18;19;21;32;39;;2;6
1975;23;6;13;15;17;27;36;;7;24
1975;24;12;21;22;30;33;37;;3;27
1975;25;2;23;29;38;39;40;;21;22
1975;26;1;15;19;22;34;40;;3;17
1975;27;11;16;22;24;33;39;;1;4
1975;28;2;9;15;16;21;30;;6;32
1975;29;4;7;16;23;38;39;;6;18
1975;30;2;7;23;25;26;27;;9;39
1975;31;15;17;19;23;24;35;;10;29
1975;32;6;10;14;22;23;27;;13;18
1975;33;5;7;13;29;37;39;;27;30
1975;34;3;18;23;24;29;38;;9;10
1975;35;10;12;16;17;28;35;;3;21
1975;36;4;5;10;11;15;31;;20;28
1975;37;13;19;20;21;32;34;;23;27
1975;38;3;7;13;20;21;38;;15;35
1975;39;3;14;21;29;31;32;;8;30
1975;40;5;10;11;14;19;28;;12;36
1975;41;15;20;21;25;26;27;;3;31
1975;42;4;5;10;19;23;24;;1;13
1975;43;13;17;22;23;29;33;;4;6
1975;44;3;16;20;22;25;38;;11;12
1975;45;3;16;17;24;27;37;;14;29
1975;46;15;16;22;32;36;38;;3;40
1975;47;6;16;20;25;34;40;;31;32
1975;48;1;9;28;36;38;39;;23;30
1975;49;1;12;21;25;32;39;;10;13
1975;50;3;7;9;23;28;37;;27;32
1975;51;3;5;8;14;20;39;;10;25
1975;52;11;17;21;23;27;35;;26;37
1976;1;1;22;24;28;30;38;;5;9
1976;2;11;15;16;27;31;38;;25;37
1976;3;2;15;17;21;36;39;;26;28
1976;4;1;5;10;13;27;29;;20;34
1976;5;3;4;9;16;34;38;;17;25
1976;6;6;18;27;28;30;37;;8;34
1976;7;6;17;20;24;33;34;;16;39
1976;8;4;22;27;28;31;36;;1;34
1976;9;5;7;16;21;33;35;;10;22
1976;10;3;4;23;26;27;34;;6;14
1976;11;6;7;21;30;34;36;;9;18
1976;12;8;11;20;21;22;29;;6;37
1976;13;16;19;23;24;28;31;;12;32
1976;14;3;5;16;17;22;30;;6;31
1976;15;1;11;17;19;29;34;;35;39
1976;16;13;15;18;20;30;34;;1;11
1976;17;3;5;14;27;30;36;;6;29
1976;18;14;19;28;29;30;34;;13;17
1976;19;5;11;19;21;22;24;;14;37
1976;20;4;10;34;36;39;40;;27;37
1976;21;7;9;25;35;36;39;;4;16
1976;22;3;14;15;22;25;40;;35;38
1976;23;3;7;9;16;19;21;;4;32
1976;24;3;10;17;20;26;33;;6;39
1976;25;2;8;9;19;21;38;;4;34
1976;26;5;6;19;22;25;35;;3;21
1976;27;6;9;24;26;29;31;;12;19
1976;28;14;17;28;32;34;38;;11;24
1976;29;5;12;15;17;26;40;;21;33
1976;30;8;10;26;27;33;35;;5;19
1976;31;3;22;25;26;29;33;;8;11
1976;32;14;15;17;35;37;38;;20;31
1976;33;4;13;14;20;24;40;;3;5
1976;34;2;8;30;37;39;40;;13;14
1976;35;13;20;27;32;34;38;;10;18
1976;36;3;4;6;12;23;35;;8;14
1976;37;9;10;14;20;23;29;;13;33
1976;38;2;4;14;29;36;40;;6;11
1976;39;2;11;17;20;26;38;;15;28
1976;40;3;5;8;14;26;32;;11;37
1976;41;16;18;20;29;30;34;;10;33
1976;42;1;20;21;24;38;39;;19;36
1976;43;1;4;20;21;26;31;;8;25
1976;44;5;7;12;17;20;35;;14;30
1976;45;1;2;25;29;32;37;;23;35
1976;46;7;13;25;29;34;37;;9;40
1976;47;2;5;9;23;35;36;;24;39
1976;48;5;7;10;11;30;36;;15;16
1976;49;9;11;13;24;25;35;;8;26
1976;50;4;16;17;20;24;32;;18;35
1976;51;9;11;15;26;27;36;;12;24
1976;52;2;6;7;12;25;29;;4;10
1977;1;2;8;17;19;31;39;;28;40
1977;2;3;4;17;30;32;40;;8;39
1977;3;4;16;17;21;25;31;;12;38
1977;4;2;8;15;21;22;24;;11;39
1977;5;10;16;18;20;29;38;;5;19
1977;6;1;9;11;23;26;29;;3;12
1977;7;1;10;12;13;21;28;;24;32
1977;8;10;14;20;32;36;38;;18;29
1977;9;1;2;7;35;37;40;;8;27
1977;10;1;7;8;18;28;32;;13;33
1977;11;9;14;20;28;32;36;;2;31
1977;12;20;29;31;33;36;38;;1;21
1977;13;4;8;12;15;17;20;;5;14
1977;19;7;20;25;26;34;40;;2;19
1977;20;1;13;20;27;32;38;;15;39
1977;21;3;8;14;18;20;23;;11;34
1977;22;10;23;30;31;32;34;;18;39
1977;23;1;2;18;31;34;39;;25;27
1977;24;5;6;10;28;34;35;;8;30
1977;25;27;32;34;37;39;40;;22;30
1977;26;3;22;25;26;31;34;;35;38
1977;27;9;15;19;24;35;36;;28;38
1977;28;5;7;10;27;34;38;;6;16
1977;29;12;16;18;26;34;36;;35;38
1977;30;3;21;23;27;29;37;;11;18
1977;31;3;15;17;30;35;38;;31;33
1977;32;1;5;9;12;29;30;;10;25
1977;33;10;17;24;26;33;38;;1;9
1977;34;7;11;12;32;33;39;;13;21
1977;35;5;28;30;31;32;40;;19;24
1977;36;6;26;30;32;34;38;;8;14
1977;37;4;6;13;22;25;34;;37;40
1977;38;4;7;32;34;35;38;;20;36
1977;39;3;6;18;30;31;33;;24;34
1977;40;5;12;22;27;31;37;;17;36
1977;41;3;6;17;34;39;40;;15;32
1977;42;12;16;21;30;32;35;;24;33
1977;43;12;22;27;35;36;40;;17;23
1977;44;1;9;14;23;31;34;;18;24
1977;45;2;6;13;21;28;36;;1;31
1977;46;1;7;13;15;26;29;;6;27
1977;47;2;3;5;13;26;31;;21;39
1977;48;3;17;20;22;34;35;;25;31
1977;49;3;11;15;28;36;38;;17;23
1977;50;4;16;18;20;21;26;;17;24
1977;51;4;8;25;27;34;38;;24;39
1977;52;1;10;11;18;22;36;;27;28
1978;1;7;17;23;30;32;34;;22;29
1978;2;3;9;10;16;37;38;;19;34
1978;3;8;11;27;31;33;37;;34;39
1978;4;1;10;28;30;32;33;;17;26
1978;5;7;17;18;21;33;34;;14;16
1978;6;20;21;24;28;32;35;;15;30
1978;7;5;8;19;27;38;40;;18;20
1978;8;7;13;20;32;37;39;;15;26
1978;9;15;24;31;32;35;40;;11;27
1978;10;8;17;19;26;38;39;;24;34
1978;11;3;12;14;16;25;37;;24;36
1978;12;2;3;31;32;35;36;;22;26
1978;13;1;3;7;29;30;31;;11;18
1978;14;2;3;6;13;27;35;;22;29
1978;15;1;3;14;16;20;35;;7;37
1978;16;2;6;8;13;16;38;;25;27
1978;17;2;14;17;24;26;40;;1;36
1978;18;3;5;7;9;13;37;;21;34
1978;19;1;4;8;10;19;37;;9;33
1978;20;1;10;14;19;21;24;;18;20
1978;21;1;10;14;15;32;37;;17;33
1978;22;13;14;17;33;36;37;;18;30
1978;23;7;20;24;30;37;40;;13;39
1978;24;4;9;18;21;35;40;;6;27
1978;25;1;6;14;17;19;22;;30;32
1978;26;6;7;14;15;35;36;;2;26
1978;27;2;6;17;27;35;38;;31;34
1978;28;1;7;13;15;30;32;;14;36
1978;29;8;14;16;26;27;31;;1;21
1978;30;7;8;13;19;23;25;;26;32
1978;31;1;8;13;20;34;38;;21;31
1978;32;15;19;25;29;32;34;;13;18
1978;33;10;11;17;26;30;31;;8;18
1978;34;2;11;14;27;34;40;;4;12
1978;35;6;7;12;15;30;32;;10;29
1978;36;4;6;28;30;32;37;;26;36
1978;37;13;16;21;25;37;39;;10;38
1978;38;1;5;7;17;28;34;;21;25
1978;39;4;7;18;23;32;39;;3;8
1978;40;5;9;10;36;37;40;;20;35
1978;41;6;7;24;25;27;30;;5;17
1978;42;9;15;18;21;34;37;;2;31
1978;43;8;17;18;22;27;32;;4;20
1978;44;12;15;23;27;31;37;;3;30
1978;45;1;4;5;9;17;20;;6;36
1978;46;8;11;12;14;18;39;;9;15
1978;47;2;5;21;25;27;32;;28;40
1978;48;5;6;8;9;13;19;;3;12
1978;49;1;3;11;18;25;39;;5;35
1978;50;10;11;20;33;34;35;;5;19
1978;51;1;2;5;10;13;14;;4;9
1978;52;7;10;11;13;21;34;;6;31
1979;1;1;4;19;21;31;33;;6;18
1979;2;4;24;26;29;32;36;;5;27
1979;3;5;12;13;17;18;39;;4;6
1979;4;7;20;21;28;37;39;;1;4
1979;5;3;16;21;22;29;38;;4;18
1979;6;2;4;5;11;13;38;;29;37
1979;7;7;16;17;20;25;37;;3;4
1979;8;1;5;14;16;35;38;;7;34
1979;9;1;2;4;6;18;23;;7;8
1979;10;4;5;14;21;29;31;;3;6
1979;11;5;10;16;20;31;34;;17;25
1979;12;6;11;13;21;31;37;;22;27
1979;13;8;10;17;25;35;37;;15;32
1979;14;3;13;14;15;23;24;;16;25
1979;15;10;15;17;28;39;40;;20;21
1979;16;3;6;9;15;34;37;;31;39
1979;17;5;7;9;13;19;31;;20;39
1979;18;4;11;18;20;31;35;;5;17
1979;19;3;4;15;18;21;35;;29;37
1979;20;9;15;27;33;34;35;;29;38
1979;21;16;18;19;22;26;33;;21;37
1979;22;1;5;13;22;23;27;;6;20
1979;23;5;7;24;28;34;38;;15;16
1979;24;7;8;18;21;29;36;;17;24
1979;25;1;12;21;29;30;39;;23;32
1979;26;2;4;6;19;29;30;;10;14
1979;27;4;12;17;21;27;37;;15;29
1979;28;6;10;25;28;30;36;;18;27
1979;29;1;6;14;23;27;30;;21;39
1979;30;1;3;5;15;24;29;;22;37
1979;31;2;8;9;10;29;32;;3;40
1979;32;1;6;11;19;22;27;;15;17
1979;33;14;18;30;31;32;40;;1;15
1979;34;1;5;9;12;27;33;;32;34
1979;35;1;10;16;19;23;35;;25;30
1979;36;2;8;13;14;28;37;;30;33
1979;37;11;15;17;26;31;40;;4;28
1979;38;5;17;24;31;35;38;;2;22
1979;39;5;17;21;29;30;31;;14;24
1979;40;6;18;22;24;25;32;;8;35
1979;41;3;5;13;15;35;40;;2;14
1979;42;2;5;16;21;22;26;;30;40
1979;43;3;5;6;7;11;38;;9;31
1979;44;9;14;15;17;25;31;;6;16
1979;45;2;11;14;19;38;39;;21;28
1979;46;4;7;25;35;36;37;;13;22
1979;47;1;8;15;24;25;34;;11;19
1979;48;3;11;22;23;27;37;;8;10
1979;49;1;3;4;19;20;26;;24;27
1979;50;4;5;12;16;27;33;;6;11
1979;51;3;12;22;26;29;34;;16;27
1979;52;1;4;24;32;35;38;;7;21
1980;1;3;5;8;14;20;31;;9;23
1980;2;2;3;4;10;21;37;;17;34
1980;3;1;14;22;29;30;33;;18;20
1980;4;1;5;7;11;24;28;;14;21
1980;5;1;2;16;17;24;28;;11;21
1980;6;2;25;32;34;37;40;;1;15
1980;7;5;7;8;10;17;18;;11;16
1980;8;2;6;14;15;17;22;;5;12
1980;9;1;4;8;14;24;31;;18;30
1980;10;15;19;20;21;24;31;;22;30
1980;11;1;2;3;19;25;28;;10;18
1980;12;6;22;23;24;37;40;;12;15
1980;13;1;6;12;18;24;38;;17;22
1980;14;1;5;19;29;31;37;;6;25
1980;15;1;17;19;34;39;40;;2;15
1980;16;2;15;18;29;33;37;;1;7
1980;17;1;2;5;7;22;31;;10;34
1980;18;4;5;13;17;32;34;;3;9
1980;19;2;4;13;17;34;37;;24;25
1980;20;1;7;13;22;24;32;;25;26
1980;21;1;3;8;9;18;25;;5;32
1980;22;1;9;15;18;26;40;;7;11
1980;23;1;8;12;30;36;39;;3;28
1980;24;1;2;8;21;22;40;;6;9
1980;25;2;8;20;31;34;36;;27;39
1980;26;1;18;19;24;30;34;;3;27
1980;27;2;7;13;20;27;35;;9;28
1980;28;1;3;6;7;15;38;;2;28
1980;29;14;16;26;28;29;37;;2;21
1980;30;11;14;18;22;30;34;;8;9
1980;31;3;9;13;16;21;36;;8;15
1980;32;1;2;9;18;37;39;;11;31
1980;33;8;14;17;32;34;38;;18;30
1980;34;1;7;15;22;33;40;;8;11
1980;35;3;14;23;29;33;37;;8;31
1980;36;2;5;7;8;11;27;;15;21
1980;37;3;6;22;23;25;33;;26;39
1980;38;2;6;12;16;30;39;;24;40
1980;39;7;10;19;23;29;34;;8;25
1980;40;7;8;9;16;17;18;30;2;10;12;36
1980;41;1;2;3;7;20;35;37;4;8;17;26
1980;42;3;6;8;9;12;16;24;10;11;30;31
1980;43;5;7;14;18;24;26;31;1;6;17;27
1980;44;3;5;19;21;26;27;29;1;15;16;30
1980;45;3;13;18;22;30;31;36;1;4;9;24
1980;46;6;7;20;23;32;35;36;1;2;4;18
1980;47;1;4;7;10;19;26;33;2;11;12;14
1980;48;3;9;24;25;29;33;34;1;5;17;20
1980;49;4;12;14;21;25;31;33;15;19;22;36
1980;50;3;7;8;15;19;23;32;4;5;20;24
1980;51;1;3;6;13;17;18;20;4;7;23;37
1980;52;5;7;8;16;21;28;29;4;20;25;37
1981;1;2;3;12;14;19;26;30;13;24;34;37
1981;2;1;12;15;16;20;29;31;13;21;23;28
1981;3;5;8;10;15;20;26;34;1;3;12;30
1981;4;1;9;16;17;25;26;33;5;15;20;36
1981;5;3;4;15;25;31;33;37;1;14;22;27
1981;6;2;5;7;11;24;29;37;4;13;20;35
1981;7;2;4;5;13;14;15;36;1;6;29;31
1981;8;3;5;15;16;18;29;35;4;23;24;33
1981;9;2;3;7;18;23;26;37;6;19;20;27
1981;10;2;4;5;16;18;22;31;15;24;26;27
1981;11;1;4;5;6;7;22;29;3;12;19;31
1981;12;4;9;18;23;24;30;32;5;8;25;37
1981;13;5;9;18;23;25;34;37;8;13;14;35
1981;14;3;5;6;14;16;25;35;2;20;22;31
1981;15;2;4;6;8;24;31;37;3;14;33;35
1981;16;6;12;17;27;29;31;35;8;20;21;24
1981;17;3;8;13;14;16;26;29;22;23;27;34
1981;18;2;9;13;15;22;27;31;7;14;16;33
1981;19;1;3;7;17;19;22;34;12;30;31;33
1981;20;5;8;10;16;19;21;32;3;17;18;31
1981;21;1;7;9;11;19;28;29;5;12;32;34
1981;22;5;9;12;15;16;22;37;2;25;33;34
1981;23;2;9;15;18;23;34;35;1;5;11;24
1981;24;1;5;17;20;21;31;35;3;18;28;33
1981;25;5;10;20;21;29;36;37;6;12;19;26
1981;26;4;10;14;21;23;28;30;1;3;9;13
1981;27;3;5;7;9;10;13;33;4;14;18;22
1981;28;8;17;21;22;23;26;32;6;14;24;28
1981;29;2;5;14;15;20;24;26;3;6;21;33
1981;30;8;9;10;16;21;28;31;11;23;25;37
1981;31;8;14;19;20;25;28;32;1;5;21;22
1981;32;3;10;14;20;23;26;33;8;25;28;34
1981;33;4;18;21;22;31;32;34;1;2;33;36
1981;34;6;8;22;24;26;32;35;2;16;25;30
1981;35;1;8;13;16;30;34;35;3;12;18;29
1981;36;3;6;8;9;12;15;30;1;14;19;22
1981;37;5;13;16;21;25;26;35;7;17;29;36
1981;38;5;6;8;14;15;22;25;10;11;24;28
1981;39;3;6;8;10;19;30;33;5;9;15;37
1981;40;1;11;16;23;27;35;36;2;7;17;31
1981;41;1;3;6;22;24;31;33;10;13;17;30
1981;42;4;7;11;15;17;28;33;1;6;12;13
1981;43;1;3;4;6;7;18;25;11;13;23;33
1981;44;3;5;8;9;10;31;36;1;21;26;27
1981;45;18;20;21;23;24;26;33;4;5;15;36
1981;46;1;2;3;5;13;16;29;4;10;25;30
1981;47;3;7;12;13;15;22;35;8;19;28;34
1981;48;3;4;21;26;27;29;36;7;17;18;20
1981;49;3;5;9;17;19;34;35;1;22;26;28
1981;50;1;3;6;13;14;31;32;5;10;19;23
1981;51;2;7;8;12;24;30;35;5;10;22;27
1981;52;2;3;4;9;15;18;37;11;16;25;35
1982;1;3;5;6;13;17;24;36;7;21;33;37
1982;2;1;8;13;14;17;20;37;11;18;25;26
1982;3;7;13;17;19;28;33;34;1;6;8;15
1982;4;9;12;15;19;23;24;31;13;18;21;28
1982;5;14;15;16;22;26;27;30;2;29;32;33
1982;6;4;10;15;17;18;20;37;7;13;14;22
1982;7;2;4;9;10;14;17;22;3;6;18;36
1982;8;6;7;20;24;25;29;37;19;21;30;31
1982;9;2;9;10;15;17;21;25;3;7;11;13
1982;10;2;7;13;18;23;25;37;1;12;17;22
1982;11;1;2;3;9;15;17;23;5;7;12;18
1982;12;7;18;20;21;29;35;37;3;4;13;17
1982;13;3;4;5;9;12;22;27;6;16;31;35
1982;14;3;14;17;18;26;34;37;4;19;21;30
1982;15;2;5;10;17;19;20;34;4;13;21;32
1982;16;1;5;7;10;23;25;37;14;16;24;28
1982;17;6;15;20;22;30;32;33;4;14;29;31
1982;18;1;2;7;12;16;32;34;5;18;20;36
1982;19;1;9;14;24;29;34;37;6;19;22;36
1982;20;1;3;13;14;20;23;29;9;16;19;32
1982;21;1;11;12;15;20;27;33;6;22;28;30
1982;22;3;4;7;9;10;14;28;1;5;30;32
1982;23;3;4;6;8;19;21;25;17;24;29;31
1982;24;7;17;18;23;27;28;31;2;3;15;16
1982;25;2;3;6;8;18;21;32;13;16;17;29
1982;26;4;8;9;14;18;27;37;5;12;22;32
1982;27;1;7;8;9;14;21;34;4;15;18;36
1982;28;6;7;13;14;26;31;32;2;15;17;34
1982;29;7;12;13;20;21;24;31;5;19;27;37
1982;30;1;5;7;8;9;19;29;6;12;24;25
1982;31;5;7;13;14;19;29;36;4;31;35;37
1982;32;1;8;13;16;19;27;29;9;12;15;17
1982;33;1;3;10;19;22;25;37;4;9;14;30
1982;34;4;8;10;11;23;27;33;14;18;24;34
1982;35;2;8;16;22;24;32;37;3;19;23;36
1982;36;5;17;19;21;26;32;37;4;8;12;28
1982;37;15;19;23;27;28;30;34;2;6;7;16
1982;38;7;8;12;29;30;36;37;3;4;24;25
1982;39;5;6;20;21;22;25;27;2;3;30;31
1982;40;2;8;19;22;31;33;37;10;21;34;35
1982;41;9;12;18;21;28;30;36;5;7;14;17
1982;42;1;12;14;18;22;23;34;6;8;9;27
1982;43;2;8;18;22;24;33;37;9;20;28;36
1982;44;5;8;15;21;32;33;37;18;19;27;28
1982;45;1;4;5;13;17;23;25;7;8;9;37
1982;46;1;3;4;10;15;19;23;14;18;27;35
1982;47;4;6;10;19;20;23;30;2;3;16;24
1982;48;4;8;12;15;26;30;37;5;18;25;28
1982;49;10;12;13;18;23;30;32;1;5;11;25
1982;50;1;2;3;11;12;17;23;8;20;27;37
1982;51;3;11;13;16;20;23;33;5;8;36;37
1982;52;7;9;11;16;20;23;36;3;13;28;34
1983;1;4;11;12;14;20;22;24;5;6;29;37
1983;2;2;6;8;17;19;30;33;4;10;14;20
1983;3;3;7;10;14;18;27;29;1;24;25;35
1983;4;3;4;11;17;18;24;25;2;6;15;31
1983;5;7;10;13;16;22;23;36;4;9;21;25
1983;6;1;4;11;12;17;33;35;5;9;15;16
1983;7;6;15;16;18;19;23;35;1;7;21;33
1983;8;3;7;10;24;28;31;34;1;4;12;33
1983;9;2;3;5;18;24;32;36;4;8;10;21
1983;10;1;9;10;15;17;22;33;2;5;12;13
1983;11;11;12;16;18;26;30;31;1;3;4;32
1983;12;6;12;13;25;26;27;34;9;14;29;30
1983;13;3;9;14;16;30;31;37;12;26;28;36
1983;14;1;10;13;14;15;19;29;3;9;21;27
1983;15;3;4;9;12;22;26;27;6;8;32;33
1983;16;8;11;12;18;24;29;32;7;31;34;37
1983;17;1;16;19;27;29;30;32;8;24;26;31
1983;18;2;7;8;10;15;16;24;4;5;18;34
1983;19;3;4;7;11;12;14;29;8;9;23;36
1983;20;10;12;15;25;27;32;35;14;21;34;36
1983;21;1;4;13;15;26;28;29;14;21;22;27
1983;22;7;9;16;27;33;34;36;3;6;20;37
1983;23;8;14;15;26;27;29;37;2;11;16;17
1983;24;1;6;16;22;24;36;37;3;5;26;29
1983;25;1;2;19;21;30;33;35;6;12;20;31
1983;26;8;14;16;17;18;25;26;6;9;10;11
1983;27;2;5;8;21;22;23;28;6;10;25;33
1983;28;1;5;8;21;24;32;37;2;15;18;33
1983;29;4;7;11;14;21;33;37;8;15;25;31
1983;30;1;5;6;9;12;19;26;4;18;22;28
1983;31;6;9;14;16;21;24;31;3;13;17;27
1983;32;4;9;15;21;22;24;28;6;8;17;18
1983;33;6;21;22;24;25;30;35;13;31;33;34
1983;34;2;5;8;15;20;22;32;12;18;19;34
1983;35;6;11;16;19;30;33;34;2;7;9;37
1983;36;3;7;11;12;13;33;36;2;20;23;31
1983;37;9;10;13;15;18;27;33;7;11;25;31
1983;38;1;2;4;22;25;30;34;7;9;11;17
1983;39;2;4;6;7;11;14;16;12;34;35;37
1983;40;6;10;14;19;31;35;36;1;5;28;32
1983;41;8;12;14;16;22;25;32;5;9;21;36
1983;42;1;5;7;13;16;31;37;3;4;12;15
1983;43;8;11;16;18;19;25;32;6;21;22;24
1983;44;4;8;10;19;25;27;37;3;16;17;20
1983;45;6;7;11;16;17;18;37;9;23;24;28
1983;46;4;15;17;25;31;35;37;14;18;29;34
1983;47;1;2;13;20;25;35;37;3;19;27;36
1983;48;7;21;25;32;33;36;37;11;22;30;31
1983;49;3;10;19;25;32;33;35;1;6;21;28
1983;50;7;12;15;19;23;25;35;17;18;31;34
1983;51;1;3;6;21;22;23;33;7;12;13;32
1983;52;2;4;7;12;21;23;24;6;16;20;32
1984;1;3;6;7;20;26;28;35;5;8;18;24
1984;2;6;11;14;22;30;31;36;2;15;18;29
1984;3;5;7;9;14;18;32;33;2;6;13;31
1984;4;4;5;10;11;12;14;24;7;20;21;30
1984;5;1;3;4;11;17;30;36;7;23;24;25
1984;6;2;6;14;19;26;29;35;3;7;23;31
1984;7;3;11;18;21;23;27;28;6;9;16;37
1984;8;8;13;14;16;27;28;33;5;6;15;25
1984;9;1;7;15;18;28;32;36;3;9;30;31
1984;10;4;6;14;22;30;36;37;12;16;21;25
1984;11;5;11;16;21;25;27;37;2;18;28;31
1984;12;2;3;20;21;29;34;35;1;7;8;15
1984;13;3;13;17;20;23;25;27;1;5;8;26
1984;14;5;9;16;24;29;31;35;11;21;34;36
1984;15;1;5;10;17;22;28;31;12;30;32;35
1984;16;3;11;14;20;24;25;29;12;34;35;36
1984;17;8;9;12;14;18;20;23;17;25;27;28
1984;18;3;4;7;10;21;31;37;9;11;12;36
1984;19;1;15;16;17;23;25;34;7;13;22;37
1984;20;8;12;13;16;18;19;26;4;15;22;28
1984;21;1;2;9;10;25;27;29;15;20;23;24
1984;22;3;6;7;11;21;23;37;8;19;27;29
1984;23;19;20;23;29;33;36;37;10;12;21;25
1984;24;2;7;10;11;17;21;36;1;16;18;30
1984;25;15;16;18;26;35;36;37;4;14;19;33
1984;26;8;12;13;15;20;22;32;24;34;35;37
1984;27;1;2;15;23;29;34;35;6;17;21;37
1984;28;1;2;13;19;26;30;35;3;18;31;33
1984;29;1;10;13;21;22;25;31;6;7;26;29
1984;30;3;4;13;21;33;34;37;5;6;16;20
1984;31;1;8;12;18;22;28;30;19;20;25;29
1984;32;6;7;11;15;25;27;35;2;13;19;33
1984;33;2;6;14;15;22;26;34;4;18;19;21
1984;34;11;13;21;28;29;33;36;1;3;12;23
1984;35;6;8;15;18;26;30;35;16;20;24;36
1984;36;1;6;11;14;25;30;36;4;12;20;29
1984;37;1;4;5;16;19;29;31;12;15;25;26
1984;38;10;11;12;13;19;20;32;3;7;18;22
1984;39;3;9;24;26;27;35;36;4;5;15;34
1984;40;4;6;8;10;16;22;37;1;7;15;26
1984;41;2;6;10;11;18;23;24;21;25;31;35
1984;42;12;17;18;21;24;26;30;1;15;33;37
1984;43;1;3;4;11;16;21;30;15;19;26;33
1984;44;3;7;9;18;25;26;36;1;19;32;35
1984;45;2;4;5;8;14;27;29;6;10;23;30
1984;46;3;5;6;11;28;29;33;12;13;19;21
1984;47;1;5;9;19;24;33;37;10;11;15;21
1984;48;3;6;19;28;34;36;37;11;13;17;35
1984;49;9;15;16;19;24;26;30;7;18;22;32
1984;50;2;4;11;16;24;27;30;12;13;15;20
1984;51;4;10;19;20;28;30;31;1;3;7;23
1984;52;2;3;4;14;16;32;35;5;7;21;23
1985;1;5;6;7;10;12;15;29;11;18;34;37
1985;2;5;12;15;21;28;33;35;3;8;14;22
1985;3;4;5;11;13;14;22;33;7;24;29;30
1985;4;2;3;16;17;27;34;37;4;9;29;35
1985;5;3;4;20;26;28;32;35;9;17;27;34
1985;6;1;3;7;8;10;35;37;2;9;27;34
1985;7;6;7;9;11;17;21;30;8;18;25;31
1985;8;3;9;12;15;19;22;26;2;17;18;23
1985;9;15;17;18;25;28;30;33;7;12;13;35
1985;10;1;4;15;21;22;23;25;8;19;24;32
1985;11;2;9;16;22;32;35;37;3;8;23;34
1985;12;1;6;7;8;18;21;31;2;29;30;37
1985;13;1;3;10;13;16;25;28;5;11;22;35
1985;14;2;6;14;29;32;34;35;8;15;27;30
1985;15;2;6;11;12;20;23;32;21;22;28;33
1985;16;6;8;19;22;24;33;34;5;13;15;28
1985;17;13;14;16;18;19;27;35;23;24;28;32
1985;18;7;8;13;16;20;23;32;4;10;30;33
1985;19;14;17;23;26;29;31;34;2;5;10;32
1985;20;3;11;14;17;19;27;34;6;18;24;30
1985;21;8;16;18;19;24;32;33;11;28;29;34
1985;22;3;9;13;22;28;32;37;2;6;15;33
1985;23;9;17;21;27;28;30;34;1;3;4;10
1985;24;15;18;23;26;28;32;37;1;3;16;24
1985;25;9;10;13;14;20;23;24;8;25;29;30
1985;26;5;7;12;15;23;26;33;20;30;34;36
1985;27;6;13;16;20;21;25;36;2;9;30;32
1985;28;14;19;23;27;29;30;32;6;9;11;24
1985;29;6;7;14;18;19;33;35;21;25;29;34
1985;30;9;10;11;27;29;31;35;2;3;17;19
1985;31;3;5;12;17;27;28;30;2;6;9;15
1985;32;13;15;16;17;21;35;37;3;7;9;19
1985;33;9;13;14;15;23;32;37;8;25;26;28
1985;34;2;6;7;14;20;36;37;3;11;25;28
1985;35;10;12;13;19;27;28;32;6;14;18;24
1985;36;1;2;3;5;10;13;22;4;31;33;36
1985;37;6;7;11;21;27;31;34;2;8;15;29
1985;38;1;4;9;14;21;27;37;11;29;30;34
1985;39;8;12;16;18;23;35;37;1;6;15;22
1985;40;5;6;12;14;17;25;34;3;32;35;36
1985;41;11;17;20;22;23;31;36;2;3;14;34
1985;42;3;5;9;20;26;29;35;4;12;13;33
1985;43;1;2;23;26;31;35;37;8;22;27;28
1985;44;2;4;14;22;24;27;30;10;15;28;31
1985;45;4;6;14;15;23;24;30;25;26;33;36
1985;46;4;7;13;19;28;29;34;10;11;14;31
1985;47;1;3;13;22;24;27;29;2;4;9;19
1985;48;1;2;6;9;11;19;28;24;31;33;37
1985;49;4;9;11;13;20;25;36;10;18;28;35
1985;50;7;9;12;18;19;36;37;6;11;14;23
1985;51;1;2;5;8;25;29;37;3;18;23;31
1985;52;4;9;11;15;26;27;34;6;23;25;33
1986;1;1;5;11;14;22;23;34;25;31;32;33
1986;2;3;9;17;21;22;27;36
1986;3;5;11;13;14;31;32;36
1986;4;1;7;15;28;34;38;39
1986;5;6;16;17;19;28;35;36
1986;6;1;10;16;19;27;29;32
1986;7;5;8;16;17;21;30;39
1986;8;2;8;10;14;22;25;30
1986;9;4;12;21;26;27;32;35
1986;10;3;12;17;22;26;28;32
1986;11;1;3;8;10;15;23;29
1986;12;1;2;8;9;12;16;35
1986;13;1;3;7;13;17;20;25
1986;14;8;14;15;20;23;36;38
1986;15;2;4;13;15;23;24;26
1986;16;1;2;7;8;12;19;36
1986;17;6;8;10;11;13;27;28;1;4;21
1986;18;2;3;6;9;26;28;36;18;35;38
1986;19;3;9;11;14;29;34;39;2;12;19
1986;20;3;4;13;21;28;31;33;27;30;38
1986;21;12;16;27;31;32;33;38;2;6;10
1986;22;5;9;16;27;34;37;38;6;14;22
1986;23;5;14;16;17;24;26;38;3;19;27
1986;24;1;13;14;32;35;36;39;2;7;21
1986;25;13;16;22;24;30;31;35;1;19;32
1986;26;1;15;18;22;25;29;38;6;10;16
1986;27;5;6;7;9;18;20;32;12;19;39
1986;28;3;7;20;23;25;29;35;30;31;33
1986;29;8;12;13;17;19;25;27;4;15;35
1986;30;2;8;17;22;28;30;31;12;23;36
1986;31;2;8;16;17;30;32;35;18;27;31
1986;32;1;7;8;9;10;21;31;5;16;39
1986;33;9;11;21;24;31;33;34;27;30;37
1986;34;5;8;11;12;16;21;28;24;29;39
1986;35;1;3;5;17;21;23;28;2;29;39
1986;36;4;6;12;20;33;34;37;16;22;23
1986;37;11;12;15;21;26;29;30;7;25;39
1986;38;2;21;23;26;27;32;34;11;14;28
1986;39;8;11;15;25;27;38;39;4;6;14
1986;40;3;10;14;15;16;18;35;5;8;26
1986;41;5;19;25;31;32;34;36;8;17;33
1986;42;1;2;14;24;25;28;37;12;19;33
1986;43;1;2;13;16;21;24;36;9;10;34
1986;44;8;16;17;19;21;36;39;23;27;30
1986;45;2;12;18;29;31;35;36;13;15;28
1986;46;8;10;13;15;24;34;39;7;20;38
1986;47;4;14;16;19;26;29;36;9;17;20
1986;48;3;5;9;12;18;27;28;13;21;22
1986;49;4;9;10;21;25;26;30;11;16;28
1986;50;5;11;14;16;17;30;35;22;29;31
1986;51;1;7;10;14;22;24;29;2;16;21
1986;52;11;25;28;30;31;32;35;17;20;22
1987;1;9;14;15;17;24;25;27;4;10;37
1987;2;4;5;11;19;20;37;38;13;17;23
1987;3;7;8;10;12;20;22;31;24;25;29
1987;4;13;20;25;26;28;30;36;5;6;34
1987;5;7;11;12;25;26;35;37;16;17;30
1987;6;5;6;7;8;12;17;25;26;27;33
1987;7;2;15;16;21;22;23;24;17;26;27
1987;8;2;14;15;17;18;20;27;6;30;37
1987;9;3;9;16;17;18;33;37;5;15;22
1987;10;8;9;17;28;34;35;39;16;29;37
1987;11;4;6;14;17;19;33;37;2;38;39
1987;12;11;15;16;23;32;34;36;2;8;33
1987;13;6;9;21;22;26;38;39;3;13;20
1987;14;2;6;12;13;19;24;32;21;31;35
1987;15;1;7;16;19;24;34;37;4;15;20
1987;16;1;5;9;10;27;34;39;4;28;33
1987;17;8;22;25;32;36;37;39;5;24;29
1987;18;2;7;8;10;23;33;35;18;19;27
1987;19;11;14;17;30;33;34;37;8;12;39
1987;20;6;13;17;21;22;24;25;9;16;35
1987;21;2;9;18;21;34;35;36;25;33;38
1987;22;5;7;25;27;31;34;39;6;10;33
1987;23;8;14;17;25;34;35;38;7;9;22
1987;24;8;15;19;22;27;36;39;5;11;37
1987;25;4;15;19;21;28;29;37;3;11;38
1987;26;1;2;3;8;9;23;25;5;7;29
1987;27;1;2;24;27;37;38;39;5;9;29
1987;28;1;11;18;22;29;36;37;23;33;39
1987;29;2;8;12;14;22;26;36;9;32;37
1987;30;8;11;16;20;22;27;33;1;2;25
1987;31;13;17;20;23;25;30;38;2;8;21
1987;32;2;4;12;23;29;37;38;16;22;28
1987;33;6;9;11;14;20;24;34;3;26;31
1987;34;5;7;13;15;17;19;30;8;20;39
1987;35;1;11;20;25;27;34;38;9;17;28
1987;36;4;6;16;25;30;31;33;1;28;39
1987;37;4;7;12;24;28;33;34;2;5;27
1987;38;3;10;14;21;23;27;37;17;35;39
1987;39;8;10;11;19;26;30;35;2;14;20
1987;40;10;23;25;30;32;34;35;3;4;19
1987;41;6;9;21;23;24;35;37;16;20;28
1987;42;12;13;17;24;25;29;34;1;14;27
1987;43;7;8;18;19;22;32;38;6;12;26
1987;44;3;5;18;21;24;26;31;9;12;32
1987;45;4;8;13;21;22;34;37;10;25;35
1987;46;4;5;12;13;19;30;32;1;3;26
1987;47;8;11;13;16;19;27;39;9;23;34
1987;48;4;5;8;10;17;20;23;6;12;22
1987;49;2;8;16;17;26;31;34;22;37;39
1987;50;11;13;14;28;32;34;37;23;36;39
1987;51;10;17;21;26;28;29;37;11;12;35
1987;52;3;7;10;14;22;27;36;5;23;33
1988;1;8;9;20;22;25;29;33;1;13;32
1988;2;6;7;11;16;28;37;38;5;29;39
1988;3;4;15;19;23;25;27;29;7;12;38
1988;4;1;13;14;18;24;31;36;10;34;37
1988;5;1;19;25;26;30;35;37;2;9;36
1988;6;8;15;16;25;27;29;36;1;2;9
1988;7;5;14;23;27;30;33;36;4;7;31
1988;8;1;3;16;20;21;25;36;5;14;33
1988;9;4;14;17;24;32;33;34;1;10;22
1988;10;2;5;15;16;18;20;21;8;11;19
1988;11;13;15;22;30;31;36;37;5;14;19
1988;12;4;12;19;26;34;35;39;14;28;33
1988;13;5;7;8;24;26;33;34;6;20;30
1988;14;2;12;15;26;29;37;38;7;18;33
1988;15;1;5;6;9;28;31;38;15;23;34
1988;16;13;14;17;21;24;30;31;4;12;37
1988;17;3;6;20;22;24;26;32;14;23;36
1988;18;3;4;10;16;17;21;24;13;14;35
1988;19;6;7;8;12;14;33;37;17;27;36
1988;20;7;9;14;19;23;24;29;11;28;37
1988;21;2;6;11;13;17;33;39;15;19;27
1988;22;2;9;22;26;27;28;32;5;18;34
1988;23;10;11;13;15;26;27;32;4;29;38
1988;24;10;14;16;23;24;28;29;2;20;37
1988;25;7;17;18;22;34;36;38;9;13;32
1988;26;6;10;25;30;34;35;36;11;13;15
1988;27;2;3;11;13;21;26;39;12;24;30
1988;28;6;18;21;27;28;31;33;9;13;19
1988;29;1;2;4;5;9;10;33;16;20;23
1988;30;9;20;24;26;27;34;38;1;14;18
1988;31;3;4;10;12;18;25;34;14;15;21
1988;32;9;14;15;16;22;31;36;3;7;12
1988;33;1;12;23;27;33;34;35;14;16;30
1988;34;15;19;24;32;33;35;36;3;10;21
1988;35;1;5;6;12;18;35;36;29;38;39
1988;36;8;17;19;25;26;29;33;7;14;24
1988;37;5;7;28;32;33;35;37;18;22;26
1988;38;3;4;14;20;21;24;39;22;25;37
1988;39;1;13;16;22;26;32;37;20;30;39
1988;40;5;6;13;14;16;20;33;22;26;37
1988;41;7;12;25;27;28;30;34;4;19;29
1988;42;8;9;11;13;19;31;39;10;26;28
1988;43;3;5;16;26;28;33;35;6;9;32
1988;44;3;16;17;19;23;26;39;7;14;38
1988;45;1;3;6;12;17;22;29;13;18;34
1988;46;6;21;22;24;25;30;38;9;11;31
1988;47;6;12;18;21;26;31;32;2;4;29
1988;48;3;4;7;8;11;13;16;18;19;29
1988;49;3;13;20;22;23;32;37;8;19;26
1988;50;10;13;15;16;27;31;35;3;12;36
1988;51;2;4;7;16;20;27;36;17;26;28
1988;52;4;6;7;11;25;28;31;27;35;38
1989;1;10;12;14;16;30;33;38;17;22;26
1989;2;3;6;7;11;16;26;27;5;9;35
1989;3;1;8;9;13;15;18;19;7;22;26
1989;4;3;22;24;31;34;35;37;20;23;25
1989;5;3;4;10;18;24;26;29;12;20;38
1989;6;4;5;7;18;20;27;30;3;25;35
1989;7;1;5;8;9;20;32;34;12;22;31
1989;8;5;10;21;23;27;35;37;19;20;22
1989;9;1;9;10;23;29;33;37;5;25;30
1989;10;2;19;24;26;27;38;39;3;7;10
1989;11;2;3;5;28;29;31;37;12;15;16
1989;12;1;5;7;23;25;31;37;13;21;32
1989;13;2;7;12;21;22;32;35;14;26;39
1989;14;5;9;26;28;35;37;38;25;29;31
1989;15;3;6;15;16;28;32;36;10;27;37
1989;16;20;25;29;34;37;38;39;3;24;35
1989;17;4;9;20;21;24;29;33;3;11;37
1989;18;16;17;19;30;33;35;36;10;15;32
1989;19;7;10;12;14;16;30;38;1;29;33
1989;20;3;5;6;27;31;35;37;16;29;33
1989;21;6;7;12;22;32;35;36;14;15;38
1989;22;2;3;4;8;26;32;38;23;28;37
1989;23;1;5;11;17;21;29;39;4;36;37
1989;24;11;14;21;30;32;33;35;13;16;39
1989;25;2;12;13;14;16;34;36;6;25;32
1989;26;4;8;11;19;22;28;34;25;37;39
1989;27;3;16;19;25;26;28;30;13;20;22
1989;28;5;8;14;26;32;33;37;23;27;38
1989;29;3;4;5;21;23;27;32;2;8;30
1989;30;1;3;7;10;21;30;33;12;34;36
1989;31;5;18;29;31;32;37;39;14;20;24
1989;32;5;14;15;17;21;37;38;1;6;34
1989;33;9;11;17;23;26;32;38;2;16;35
1989;34;2;5;7;10;17;20;22;12;24;26
1989;35;2;6;7;8;11;22;31;19;32;38
1989;36;3;5;8;11;21;23;34;15;16;36
1989;37;7;9;20;28;32;33;34;10;21;31
1989;38;5;7;19;20;22;27;35;2;6;38
1989;39;6;15;19;22;26;35;36;9;10;38
1989;40;2;5;9;18;29;37;38;7;22;26
1989;41;3;4;5;11;17;26;28;21;34;35
1989;42;3;9;10;12;31;32;34;4;20;33
1989;43;2;11;12;15;16;26;30;13;18;31
1989;44;2;7;9;13;22;24;36;10;18;30
1989;45;2;3;6;10;20;21;35;4;11;30
1989;46;11;17;20;23;26;33;37;6;29;38
1989;47;3;6;8;13;14;15;36;16;17;37
1989;48;1;3;6;12;13;15;16;2;28;31
1989;49;1;6;7;10;14;15;35;8;16;26
1989;50;5;6;8;10;17;26;29;1;2;35
1989;51;1;2;4;5;17;30;38;24;29;37
1989;52;2;12;16;26;28;29;35;3;17;24
1990;1;1;2;3;10;26;28;29;8;12;33
1990;2;17;19;23;27;29;34;36;1;35;39
1990;3;4;9;10;14;16;30;35;11;15;20
1990;4;3;5;16;31;34;37;39;7;12;33
1990;5;6;10;12;13;19;26;31;3;11;20
1990;6;6;15;17;20;22;23;37;5;8;11
1990;7;2;5;7;23;24;30;34;3;13;38
1990;8;2;9;24;26;33;35;38;25;32;37
1990;9;8;11;14;22;27;29;35;4;6;18
1990;10;3;8;14;20;21;26;32;9;10;30
1990;11;1;6;8;14;19;20;35;11;12;38
1990;12;4;7;8;12;21;28;34;16;17;32
1990;13;3;10;16;18;22;23;29;25;34;36
1990;14;1;15;16;17;21;25;36;8;23;33
1990;15;1;4;15;23;32;33;36;3;7;38
1990;16;3;7;9;10;15;18;31;12;16;24
1990;17;3;9;10;11;24;31;33;15;23;38
1990;18;2;6;10;13;19;35;38;7;18;39
1990;19;4;8;17;19;20;25;27;2;12;16
1990;20;3;7;9;14;19;20;37;8;30;32
1990;21;9;11;19;20;29;34;39;16;31;38
1990;22;2;4;19;22;26;34;38;7;13;18
1990;23;1;6;13;17;18;27;39;11;22;33
1990;24;6;9;24;35;37;38;39;7;18;27
1990;25;4;9;10;11;12;26;33;16;24;37
1990;26;6;8;12;16;21;32;37;4;17;28
1990;27;1;3;6;7;17;26;33;20;31;37
1990;28;7;8;11;15;17;19;31;9;33;38
1990;29;4;8;13;14;15;36;39;3;28;35
1990;30;3;15;20;31;34;38;39;12;17;30
1990;31;8;9;13;16;19;21;27;7;12;32
1990;32;6;14;20;25;30;32;34;17;18;23
1990;33;7;8;11;19;26;31;39;4;10;28
1990;34;1;2;3;16;20;23;26;7;18;33
1990;35;1;5;12;20;34;37;38;4;14;18
1990;36;9;11;13;18;23;32;35;4;29;39
1990;37;7;8;10;15;32;35;37;1;17;21
1990;38;1;5;10;23;25;31;32;15;26;39
1990;39;10;19;20;31;33;35;36;2;8;17
1990;40;1;18;20;23;26;32;37;6;17;30
1990;41;3;5;10;13;14;19;23;1;22;28
1990;42;7;8;19;21;25;30;36;11;20;27
1990;43;5;9;14;21;24;32;35;30;31;37
1990;44;2;10;11;15;19;32;35;9;12;34
1990;45;7;13;15;16;27;34;35;10;17;21
1990;46;5;9;13;21;27;31;37;19;20;36
1990;47;4;6;13;15;22;27;36;10;31;32
1990;48;13;14;16;30;34;35;38;11;20;23
1990;49;9;10;13;17;22;23;37;11;12;14
1990;50;6;18;21;24;28;33;38;5;11;29
1990;51;1;2;4;7;8;14;19;5;10;22
1990;52;7;15;22;29;31;33;39;14;17;18
1991;1;3;4;11;19;25;30;32;20;27;31
1991;2;11;13;23;25;26;31;39;6;17;22
1991;3;1;13;15;24;28;36;39;5;18;21
1991;4;9;14;15;16;17;34;39;10;21;33
1991;5;11;15;19;22;26;33;34;21;24;35
1991;6;5;8;15;16;20;31;38;3;21;29
1991;7;1;6;9;12;19;20;36;2;3;5
1991;8;1;4;7;13;14;26;36;16;19;31
1991;9;1;4;5;9;14;17;37;3;6;15
1991;10;4;7;14;18;19;28;35;15;16;17
1991;11;2;4;10;18;32;36;38;8;25;30
1991;12;1;7;9;11;32;35;39;20;33;34
1991;13;1;18;22;26;30;36;38;3;13;29
1991;14;6;9;15;19;20;23;37;3;5;27
1991;15;5;6;7;21;25;27;37;2;8;34
1991;16;4;8;9;10;12;20;32;18;21;22
1991;17;6;9;11;16;17;21;23;27;37;38
1991;18;9;16;21;31;33;36;37;22;27;32
1991;19;3;5;9;16;19;23;28;1;31;38
1991;20;7;8;15;21;32;34;37;1;4;27
1991;21;1;12;16;17;28;34;36;22;23;32
1991;22;1;9;15;17;19;31;36;11;14;26
1991;23;4;7;12;13;16;28;30;2;34;37
1991;24;5;9;11;13;27;33;39;14;26;34
1991;25;7;20;24;27;28;30;37;3;9;35
1991;26;4;7;9;11;19;20;27;8;10;36
1991;27;3;7;10;14;25;32;37;15;19;22
1991;28;7;11;18;19;21;23;31;3;8;28
1991;29;4;6;7;10;11;20;26;19;27;36
1991;30;2;11;12;16;21;32;33;6;14;37
1991;31;8;9;13;16;19;33;35;1;3;34
1991;32;3;7;8;11;15;16;32;4;12;21
1991;33;6;8;15;21;22;29;36;16;24;33
1991;34;3;6;8;26;31;34;38;14;22;29
1991;35;5;9;13;19;20;21;37;1;28;29
1991;36;3;16;17;25;27;31;32;4;22;30
1991;37;5;16;17;22;27;35;37;2;9;28
1991;38;6;8;11;12;26;29;38;3;7;35
1991;39;3;14;16;17;29;33;38;7;11;35
1991;40;4;13;24;26;31;33;35;5;16;27
1991;41;1;24;25;26;28;35;37;2;16;18
1991;42;8;13;25;26;27;35;36;6;30;39
1991;43;3;5;6;7;11;36;37;9;19;34
1991;44;4;5;6;10;19;31;36;7;22;28
1991;45;1;3;6;14;16;23;28;15;24;34
1991;46;10;17;18;28;31;35;38;9;27;32
1991;47;15;32;33;34;35;36;37;1;10;17
1991;48;7;13;14;20;26;30;31;6;12;29
1991;49;4;8;9;16;19;24;39;12;15;26
1991;50;11;12;15;23;25;28;34;24;30;33
1991;51;12;16;26;30;33;34;38;6;17;36
1991;52;11;12;15;17;18;28;30;20;36;39
1992;1;7;12;25;30;31;33;34;11;32;36
1992;2;7;9;14;24;25;28;33;13;30;35
1992;3;5;11;16;20;25;28;33;9;26;37
1992;4;9;23;24;27;28;29;33;15;19;22
1992;5;1;13;15;17;28;33;36;10;31;32
1992;6;3;10;15;25;26;32;37;4;8;24
1992;7;1;12;14;16;26;27;39;9;18;30
1992;8;1;5;8;9;15;23;24;17;32;39
1992;9;1;19;20;24;33;37;38;10;21;23
1992;10;1;11;16;24;26;28;29;23;32;35
1992;11;2;4;16;21;27;28;35;14;31;34
1992;12;6;10;13;15;24;28;37;8;12;14
1992;13;5;6;9;10;11;32;35;7;29;37
1992;14;1;3;4;7;13;20;27;12;24;38
1992;15;10;12;23;30;33;34;38;5;17;18
1992;16;2;6;7;11;18;23;30;21;22;26
1992;17;3;7;8;22;28;31;36;1;5;27
1992;18;1;7;10;14;16;18;20;6;23;26
1992;19;1;8;11;14;19;26;36;3;16;17
1992;20;10;17;18;21;25;31;34;27;32;38
1992;21;10;11;15;20;24;25;28;1;6;33
1992;22;3;11;12;28;30;33;35;1;21;22
1992;23;3;5;7;15;21;26;32;8;13;36
1992;24;2;4;8;18;20;22;36;11;12;23
1992;25;4;5;17;19;33;35;36;16;31;39
1992;26;1;2;4;10;22;29;34;7;18;20
1992;27;8;9;15;18;20;24;38;21;27;29
1992;28;4;15;23;26;30;35;37;9;14;38
1992;29;6;10;11;18;31;36;39;12;16;27
1992;30;14;19;22;24;26;27;36;21;31;37
1992;31;4;7;9;10;14;18;32;28;38;39
1992;32;4;9;10;15;18;31;35;14;16;23
1992;33;1;9;20;26;34;37;38;6;11;23
1992;34;4;10;15;19;23;35;36;2;9;17
1992;35;12;23;26;31;36;37;39;10;15;16
1992;36;4;6;14;17;20;29;35;10;22;31
1992;37;1;2;3;11;15;17;23;4;21;34
1992;38;3;4;5;14;19;31;37;9;20;28
1992;39;5;11;16;19;26;29;37;7;20;25
1992;40;1;13;14;17;20;21;27;6;16;37
1992;41;12;15;16;18;24;32;39;7;19;31
1992;42;6;10;17;23;27;30;31;9;11;25
1992;43;9;10;14;15;17;19;39;5;18;37
1992;44;3;4;7;12;18;37;39;16;25;30
1992;45;2;3;6;9;14;32;35;24;26;30
1992;46;2;5;10;11;13;23;30;25;33;39
1992;47;1;8;10;21;26;30;39;25;35;38
1992;48;1;8;15;19;20;31;35;6;10;21
1992;49;2;12;17;18;19;23;24;3;6;7
1992;50;3;4;11;18;24;26;33;10;16;30
1992;51;5;6;12;19;25;32;38;2;20;37
1992;52;7;15;16;19;20;33;34;12;22;32
1993;1;4;5;11;22;25;33;38;7;29;30
1993;2;5;10;12;15;21;29;31;19;27;37
1993;3;2;11;14;20;21;31;34;7;25;33
1993;4;2;6;23;26;33;34;39;1;5;20
1993;5;10;12;17;20;21;25;36;6;27;38
1993;6;2;10;18;21;23;29;35;3;7;13
1993;7;3;6;8;9;12;23;25;16;32;33
1993;8;10;14;16;18;29;32;39;4;6;30
1993;9;3;5;7;28;29;30;31;6;35;38
1993;10;4;6;7;9;15;20;30;3;28;34
1993;11;1;3;10;24;27;36;38;20;28;32
1993;12;9;20;22;23;27;33;38;8;35;37
1993;13;3;4;11;22;31;32;36;6;12;14
1993;14;15;17;22;30;33;37;39;3;11;12
1993;15;11;16;17;23;26;33;36;20;34;37
1993;16;7;8;15;22;27;28;38;9;10;20
1993;17;6;9;19;20;23;27;31;8;17;28
1993;18;3;10;24;25;27;28;39;5;8;13
1993;19;5;6;10;25;26;27;34;15;32;39
1993;20;1;4;7;8;9;24;34;6;33;36
1993;21;10;14;15;18;24;33;38;1;31;32
1993;22;2;10;12;17;27;28;29;25;31;38
1993;23;5;10;12;13;20;31;36;1;32;37
1993;24;2;7;10;16;21;30;38;3;20;25
1993;25;3;12;13;25;26;28;35;5;11;15
1993;26;6;7;8;10;16;19;28;23;30;31
1993;27;4;10;11;14;28;37;39;3;6;36
1993;28;3;14;22;28;31;34;38;1;16;30
1993;29;1;2;12;15;28;34;37;8;19;39
1993;30;1;9;18;19;24;27;36;14;21;28
1993;31;2;8;17;20;21;22;33;3;13;24
1993;32;4;12;15;19;26;35;36;16;31;32
1993;33;1;3;10;11;22;25;35;6;13;38
1993;34;5;9;14;16;24;28;36;10;15;37
1993;35;5;10;16;19;25;36;38;1;14;39
1993;36;4;6;7;8;14;26;30;1;9;24
1993;37;1;6;9;23;27;32;36;7;8;10
1993;38;3;20;24;27;31;32;34;6;14;38
1993;39;7;9;17;18;20;25;30;1;14;39
1993;40;8;10;16;23;27;29;36;5;12;28
1993;41;4;10;13;14;19;32;33;7;18;38
1993;42;5;8;9;16;28;35;36;3;25;34
1993;43;9;14;20;22;23;29;32;24;26;37
1993;44;6;12;14;21;25;30;31;10;20;38
1993;45;1;2;4;14;20;28;33;12;18;29
1993;46;1;10;11;15;23;25;31;6;17;32
1993;47;4;7;9;14;23;35;39;1;26;34
1993;48;6;9;16;26;30;38;39;3;4;5
1993;49;4;12;14;19;20;22;26;17;28;35
1993;50;4;6;12;19;25;30;32;7;21;36
1993;51;2;5;12;16;25;26;37;32;33;35
1993;52;1;20;22;23;24;30;39;7;12;21
1994;1;12;14;17;19;20;35;38;15;26;29
1994;2;13;14;15;22;33;36;39;10;25;37
1994;3;2;9;12;14;17;25;32;5;8;22
1994;4;13;21;24;26;32;34;36;4;5;18
1994;5;7;17;19;26;27;32;34;13;22;25
1994;6;7;9;12;13;21;31;33;16;25;27
1994;7;2;9;10;11;21;26;32;5;18;28
1994;8;1;4;8;10;13;31;38;26;34;37
1994;9;7;14;15;22;27;31;39;2;17;38
1994;10;6;11;17;25;26;29;38;13;34;36
1994;11;11;16;18;21;25;32;34;3;8;13
1994;12;6;7;14;21;27;35;36;9;12;24
1994;13;1;7;9;14;20;24;33;6;16;38
1994;14;2;3;15;19;20;28;32;9;25;37
1994;15;4;6;7;11;14;21;31;3;33;36
1994;16;6;14;16;27;30;38;39;5;15;18
1994;17;16;17;19;23;25;29;38;13;14;39
1994;18;14;17;21;24;30;32;35;2;18;22
1994;19;4;9;15;21;23;24;35;14;31;39
1994;20;2;19;21;22;24;28;33;5;14;32
1994;21;1;11;16;18;23;27;39;5;10;21
1994;22;10;11;17;22;25;26;29;21;28;31
1994;23;1;4;10;26;28;31;39;9;19;30
1994;24;1;2;3;7;28;29;37;25;33;36
1994;25;7;16;17;19;25;28;33;2;10;14
1994;26;5;12;14;20;21;27;31;6;13;16
1994;27;3;4;5;25;26;28;29;19;21;35
1994;28;2;4;10;18;19;33;36;3;16;22
1994;29;2;17;20;23;27;31;39;11;15;22
1994;30;3;22;24;30;34;35;36;11;19;20
1994;31;5;8;10;11;21;29;36;6;32;39
1994;32;8;12;13;23;24;28;33;9;11;22
1994;33;11;15;18;30;34;35;36;6;14;26
1994;34;3;5;9;11;22;34;36;8;18;33
1994;35;8;13;17;20;21;35;38;1;3;22
1994;36;3;16;22;24;25;28;31;11;14;21
1994;37;12;16;18;22;24;31;36;4;8;26
1994;38;10;21;28;32;34;36;39;14;17;30
1994;39;1;9;12;13;16;25;37;4;28;31
1994;40;10;13;20;30;31;34;39;11;15;16
1994;41;3;5;13;27;32;33;36;18;34;35
1994;42;4;7;10;11;12;17;19;13;20;23
1994;43;2;18;20;23;32;36;39;3;15;38
1994;44;2;16;20;28;32;35;37;3;33;36
1994;45;1;22;25;28;29;32;37;12;15;19
1994;46;8;12;18;20;26;32;38;7;16;27
1994;47;5;12;13;16;32;33;36;7;11;27
1994;48;4;14;22;30;32;33;39;3;15;19
1994;49;5;9;11;13;16;30;37;17;27;39
1994;50;1;2;12;26;28;30;35;4;6;16
1994;51;6;17;18;20;26;33;35;13;25;34
1994;52;7;14;15;16;21;25;26;11;12;36
1995;1;3;6;8;14;22;29;38;10;28;37
1995;2;2;3;10;16;22;27;34;5;14;15
1995;3;10;13;18;21;26;31;37;19;38;39
1995;4;5;13;22;25;26;27;34;10;18;21
1995;5;1;12;15;18;31;32;38;19;24;37
1995;6;9;10;15;16;18;19;35;27;33;34
1995;7;2;10;17;19;28;34;36;4;13;31
1995;8;3;5;16;22;25;31;32;15;18;38
1995;9;1;4;5;10;20;27;39;6;22;29
1995;10;1;7;9;11;14;37;38;3;16;21
1995;11;11;12;15;23;25;26;37;10;19;28
1995;12;9;12;22;24;30;33;34;7;11;16
1995;13;9;11;20;25;28;30;39;10;19;29
1995;14;1;2;3;9;22;25;33;4;19;26
1995;15;1;5;12;15;20;27;33;22;23;36
1995;16;7;20;21;22;26;34;37;4;8;30
1995;17;4;6;7;11;12;15;17;25;37;39
1995;18;4;15;17;22;30;32;36;16;24;38
1995;19;6;7;9;22;26;30;36;2;3;34
1995;20;1;14;17;19;24;26;33;6;16;21
1995;21;3;7;11;14;20;30;37;2;10;28
1995;22;1;8;9;10;21;25;34;11;16;32
1995;23;4;16;17;28;29;32;33;6;15;35
1995;24;5;14;19;28;30;34;35;29;32;33
1995;25;6;17;22;26;27;30;39;9;28;37
1995;26;2;7;13;16;23;27;30;18;28;36
1995;27;2;9;12;18;23;31;33;10;15;37
1995;28;4;6;16;17;25;27;36;9;13;15
1995;29;5;7;12;15;19;26;34;1;21;28
1995;30;8;20;21;22;24;25;35;1;26;34
1995;31;17;20;21;22;23;29;32;6;15;38
1995;32;8;22;23;26;28;34;36;9;38;39
1995;33;1;3;11;17;23;33;34;5;30;39
1995;34;1;3;8;13;17;27;28;21;33;35
1995;35;1;8;11;19;29;32;37;5;10;24
1995;36;5;19;25;28;30;34;35;3;16;17
1995;37;2;10;11;14;22;23;30;4;13;25
1995;38;3;7;12;21;30;35;38;15;24;28
1995;39;1;10;11;15;19;27;39;21;31;37
1995;40;10;13;16;25;30;32;36;7;8;38
1995;41;4;5;11;13;23;35;36;30;37;38
1995;42;1;2;6;15;16;23;29;8;30;39
1995;43;1;20;25;26;27;35;39;11;17;34
1995;44;1;6;19;22;27;29;38;2;16;33
1995;45;6;7;11;15;20;26;37;8;24;28
1995;46;5;7;8;9;15;34;39;13;19;35
1995;47;10;11;12;20;21;35;39;15;22;36
1995;48;11;16;19;21;22;31;36;7;9;34
1995;49;6;9;15;16;24;33;39;28;30;38
1995;50;2;6;9;26;32;34;36;3;18;35
1995;51;1;3;14;23;25;34;36;8;24;39
1995;52;1;3;10;11;16;29;34;12;17;39
1996;1;7;14;16;21;30;35;39;15;26;38
1996;2;4;9;14;16;21;24;34;29;31;32
1996;3;8;9;10;13;21;30;31;14;34;35
1996;4;5;7;9;15;18;21;24;11;12;39
1996;5;2;6;7;12;15;16;17;4;27;39
1996;6;3;17;19;22;31;34;39;10;12;21
1996;7;5;16;20;28;31;34;39;1;7;19
1996;8;4;5;10;15;22;32;38;6;20;34
1996;9;7;8;22;26;33;35;36;1;23;24
1996;10;2;7;13;28;31;34;36;11;16;26
1996;11;1;7;10;16;19;26;37;4;11;13
1996;12;5;7;10;11;20;22;28;16;24;36
1996;13;4;5;8;10;11;29;38;3;13;19
1996;14;9;17;19;20;33;38;39;21;23;28
1996;15;1;5;16;20;36;37;39;7;12;30
1996;16;3;10;11;15;20;27;37;2;30;33
1996;17;6;10;12;18;25;31;33;9;16;28
1996;18;2;12;21;23;30;34;37;3;5;36
1996;19;11;13;24;28;35;36;37;3;10;20
1996;20;4;6;22;29;30;32;37;13;14;20
1996;21;1;2;19;21;28;32;34;4;16;30
1996;22;1;2;5;12;19;35;39;9;13;17
1996;23;3;9;16;19;21;30;37;23;32;36
1996;24;8;9;11;13;28;38;39;12;17;19
1996;25;2;6;7;20;26;33;38;8;23;31
1996;26;1;9;23;27;30;31;34;2;3;24
1996;27;2;20;21;26;30;35;38;11;12;39
1996;28;5;10;12;13;23;26;31;6;21;39
1996;29;1;9;11;15;25;29;37;8;14;38
1996;30;5;7;9;17;19;30;37;11;16;27
1996;31;6;8;9;11;28;38;39;1;23;35
1996;32;13;15;19;23;26;29;35;7;25;27
1996;33;6;10;13;23;24;28;35;1;3;37
1996;34;5;6;7;10;20;29;39;3;21;37
1996;35;8;9;13;25;26;35;38;17;23;28
1996;36;14;18;22;25;26;37;38;1;6;28
1996;37;4;5;12;24;31;38;39;8;25;33
1996;38;2;17;21;23;28;29;30;6;13;14
1996;39;5;9;14;23;26;34;36;15;19;31
1996;40;5;11;18;24;29;30;35;31;32;38
1996;41;7;17;20;22;23;29;31;12;15;19
1996;42;8;9;10;17;23;26;27;21;24;31
1996;43;6;9;19;22;26;36;37;1;16;27
1996;44;3;5;13;17;19;26;28;20;24;37
1996;45;3;7;16;21;30;33;39;5;17;20
1996;46;2;3;4;7;17;20;32;8;14;38
1996;47;1;3;4;12;20;30;36;14;27;35
1996;48;5;7;18;22;28;36;38;2;17;26
1996;49;4;8;9;14;20;22;29;6;26;27
1996;50;4;14;15;22;31;32;37;7;9;30
1996;51;2;12;17;19;23;25;36;21;31;38
1996;52;9;17;18;28;33;36;38;1;10;11
1997;1;12;13;14;18;32;38;39;3;17;22
1997;2;15;16;24;25;30;33;34;1;20;31
1997;3;4;8;9;13;16;18;38;1;25;28
1997;4;14;18;19;21;24;29;33;16;28;39
1997;5;1;5;6;23;25;31;37;12;15;35
1997;6;6;12;18;22;29;37;38;1;9;11
1997;7;4;13;14;15;17;29;34;6;9;31
1997;8;5;11;21;22;23;30;36;14;25;39
1997;9;1;3;10;12;22;23;24;7;27;38
1997;10;8;11;16;21;28;34;39;7;27;37
1997;11;3;6;8;14;20;29;35;22;27;28
1997;12;1;8;13;15;18;20;33;17;23;25
1997;13;1;7;8;19;21;23;26;29;30;31
1997;14;3;10;14;22;23;25;33;11;24;32
1997;15;7;8;9;26;31;34;36;20;24;25
1997;16;6;13;16;20;26;29;30;1;14;25
1997;17;1;11;15;17;26;32;36;19;29;35
1997;18;1;15;26;27;28;34;38;5;6;13
1997;19;2;9;13;21;25;27;29;3;8;16
1997;20;3;13;15;19;20;22;23;16;21;27
1997;21;2;4;8;13;18;21;35;12;20;27
1997;22;6;9;25;28;29;30;36;18;32;34
1997;23;4;5;6;20;23;26;37;1;30;39
1997;24;4;9;16;27;32;35;37;3;8;17
1997;25;6;8;14;18;19;28;34;15;30;38
1997;26;1;3;13;24;27;30;34;5;12;20
1997;27;1;12;14;20;25;30;35;5;32;36
1997;28;6;17;23;25;26;32;37;18;24;34
1997;29;6;21;22;24;28;37;38;8;11;27
1997;30;4;9;13;14;15;16;31;19;28;38
1997;31;10;11;13;14;21;36;37;15;18;29
1997;32;18;19;30;32;35;37;39;8;13;23
1997;33;3;7;8;20;22;26;37;16;17;19
1997;34;5;7;17;24;27;36;39;16;19;33
1997;35;12;18;28;30;31;37;38;2;21;34
1997;36;16;19;30;32;35;36;37;8;25;31
1997;37;4;6;13;24;31;34;37;2;3;16
1997;38;3;6;8;15;17;24;27;10;29;33
1997;39;5;21;24;28;31;33;39;11;12;23
1997;40;3;10;12;16;20;27;35;6;8;19
1997;41;2;5;6;26;28;29;37;25;34;38
1997;42;12;13;24;27;33;35;38;18;21;32
1997;43;18;20;22;24;27;29;35;8;26;34
1997;44;1;12;15;16;25;31;37;32;34;35
1997;45;7;13;16;18;20;24;26;10;12;34
1997;46;5;11;12;15;20;26;31;34;35;38
1997;47;3;13;22;29;33;38;39;8;28;31
1997;48;10;24;25;28;29;34;36;9;30;31
1997;49;1;3;10;11;22;23;29;15;35;36
1997;49;1;13;14;21;28;34;39
1997;50;6;14;16;17;25;28;29;23;31;34
1997;51;5;6;13;20;25;26;33;1;17;19
1997;52;2;3;18;22;24;36;39;5;23;28
1998;1;1;2;9;12;20;33;36;6;11;14
1998;2;1;4;11;17;19;20;37;18;22;32
1998;3;1;19;20;24;32;33;38;4;25;28
1998;4;4;5;9;12;13;19;21;26;38;39
1998;5;2;4;22;27;36;37;38;5;6;17
1998;5;13;14;19;20;29;30;33
1998;6;6;8;9;19;26;28;30;5;14;24
1998;7;7;12;14;16;21;27;29;5;33;37
1998;8;3;10;13;15;16;28;33;2;11;18
1998;8;4;14;16;19;25;37;39
1998;9;3;4;5;16;21;27;38;26;34;35
1998;10;1;4;17;19;20;21;33;27;31;39
1998;11;3;9;12;19;30;31;32;14;34;36
1998;12;9;12;15;20;22;24;34;1;19;26
1998;13;6;7;9;25;26;27;39;18;28;34
1998;14;2;3;4;6;18;28;33;9;20;27
1998;15;3;13;14;18;21;22;38;16;20;37
1998;16;3;7;10;12;16;23;33;2;25;39
1998;17;14;17;21;23;25;33;34;24;29;32
1998;18;7;11;20;23;25;26;36;12;24;27
1998;19;1;3;6;7;9;14;34;5;23;27
1998;20;1;2;22;23;28;29;32;13;30;31
1998;21;4;6;7;9;18;30;37;14;17;24
1998;22;3;5;8;15;36;37;38;10;11;21
1998;23;1;9;10;11;33;35;38;3;18;31
1998;24;2;7;17;24;26;28;30;3;20;35
1998;25;2;15;17;18;20;21;27;7;11;13
1998;26;1;2;4;6;8;24;31;7;26;39
1998;27;9;11;14;16;32;35;36;7;21;30
1998;28;5;12;13;14;28;32;33;8;20;29
1998;29;1;8;10;13;16;18;21;11;23;26
1998;30;14;19;23;27;28;30;34;11;13;25
1998;31;3;6;13;20;24;27;36;2;11;28
1998;32;1;15;17;21;24;25;39;14;22;26
1998;33;13;16;18;19;21;28;29;4;15;32
1998;34;1;5;21;23;29;35;39;9;13;31
1998;35;6;8;12;14;15;20;26;24;27;38
1998;36;10;17;21;25;28;35;36;6;27;38
1998;37;1;9;13;15;23;25;29;17;21;28
1998;38;6;7;13;18;33;36;38;8;29;39
1998;39;5;13;14;21;22;23;37;4;18;24
1998;40;7;8;9;12;17;24;33;5;20;28
1998;41;15;23;24;34;36;37;38;2;20;29
1998;42;2;4;5;8;21;31;36;1;6;17
1998;43;2;8;10;17;20;25;34;4;14;24
1998;44;1;6;9;10;21;22;35;26;29;31
1998;45;19;25;30;32;34;35;36;14;23;31
1998;46;1;3;10;11;16;20;24;5;9;39
1998;47;11;12;19;23;33;35;38;9;27;32
1998;48;4;8;18;33;35;36;37;9;20;24
1998;49;2;4;8;21;31;33;34;10;14;29
1998;50;5;8;14;16;23;38;39;6;13;35
1998;51;8;9;14;25;32;35;38;1;19;31
1998;52;13;14;20;21;29;30;36;8;15;25
1999;1;10;11;12;28;30;33;35;9;13;32
1999;2;4;12;14;17;18;23;38;1;21;22
1999;3;4;10;16;20;24;29;31;5;12;21
1999;4;2;8;13;14;19;22;23;10;17;37
1999;5;11;21;24;25;32;35;39;31;34;37
1999;6;5;7;8;22;29;34;38;10;31;33
1999;7;2;6;8;19;24;32;33;7;14;39
1999;8;3;4;19;23;25;27;35;13;18;21
1999;9;1;8;9;15;19;28;39;2;5;24
1999;10;1;2;12;14;19;36;38;4;7;13
1999;11;2;3;8;12;17;19;21;24;25;33
1999;12;1;3;15;17;22;25;27;10;28;36
1999;13;7;11;13;25;30;34;35;2;17;18
1999;14;5;6;17;24;25;29;30;2;4;12
1999;15;1;3;18;22;25;29;33;14;34;39
1999;16;2;12;15;18;19;22;28;5;26;35
1999;17;2;3;19;20;29;35;37;9;12;38
1999;18;11;12;16;17;23;24;28;9;20;39
1999;19;2;14;23;24;28;35;37;5;9;21
1999;20;3;10;19;25;26;28;33;22;31;34
1999;21;2;3;19;20;26;35;37;14;27;34
1999;22;2;13;15;19;21;24;33;5;17;32
1999;23;11;16;18;19;20;21;26;5;23;27
1999;24;7;9;11;12;14;30;33;2;10;23
1999;25;5;19;22;29;31;34;36;2;26;28
1999;26;1;3;7;11;20;31;34;8;10;16
1999;27;5;12;14;18;20;22;34;15;16;37
1999;28;1;2;5;7;20;26;35;9;10;37
1999;29;5;10;11;22;23;28;39;3;8;14
1999;30;1;2;8;14;29;30;31;10;23;34
1999;31;1;12;19;20;27;28;35;9;18;38
1999;32;2;8;10;15;16;22;39;21;23;31
1999;33;5;8;18;19;22;33;34;7;21;24
1999;34;2;6;8;15;20;29;34;9;21;32
1999;35;13;18;20;24;32;35;36;1;4;30
1999;36;5;9;12;22;23;26;31;10;19;39
1999;37;1;2;11;13;21;31;32;9;14;27
1999;38;1;7;26;27;29;31;34;6;18;39
1999;39;1;7;8;14;20;36;38;9;15;32
1999;40;1;3;12;15;16;29;36;8;33;34
1999;41;6;12;25;26;27;31;39;13;16;21
1999;42;2;10;12;18;24;28;35;9;31;37
1999;43;9;14;17;21;32;33;35;3;12;27
1999;44;2;6;8;10;17;20;25;1;11;37
1999;45;8;9;11;19;22;30;36;27;31;32
1999;46;3;4;14;17;25;35;37;10;21;36
1999;47;2;4;11;26;34;36;39;15;18;37
1999;48;6;7;16;24;29;32;33;30;37;38
1999;49;6;10;15;18;23;31;33;11;27;38
1999;50;3;11;12;13;19;36;39;27;34;38
1999;51;2;11;17;21;31;32;38;4;26;36
1999;52;2;10;29;30;32;37;38;11;25;39
2000;1;10;13;16;27;30;31;39;12;28;38
2000;2;3;15;16;25;29;33;39;6;20;30
2000;3;1;5;19;23;25;31;39;2;14;30
2000;4;1;6;7;9;14;23;34;22;30;37
2000;5;3;7;17;18;27;30;35;26;28;34
2000;6;9;12;13;15;18;19;21;2;7;34
2000;7;2;6;7;8;13;26;35;1;4;14
2000;8;4;9;13;19;20;29;34;16;27;37
2000;9;7;9;11;13;32;36;38;12;21;28
2000;10;6;10;22;23;30;33;35;3;14;28
2000;11;3;13;14;17;23;24;37;15;22;28
2000;12;5;6;14;22;24;25;31;10;23;39
2000;13;2;5;6;10;24;30;37;21;29;36
2000;14;2;3;10;18;19;27;36;14;17;38
2000;15;4;15;20;31;33;36;37;12;16;27
2000;16;6;18;21;28;30;33;36;12;17;38
2000;17;5;7;18;19;20;28;32;2;6;29
2000;18;2;5;8;11;29;36;37;1;3;12
2000;19;4;8;14;25;29;30;37;12;22;32
2000;20;18;20;23;27;35;37;39;6;12;29
2000;21;3;12;14;15;16;20;37;1;4;18
2000;22;4;5;6;11;19;29;34;9;30;36
2000;23;7;9;14;19;23;25;39;2;26;29
2000;24;3;4;9;28;29;32;34;25;35;37
2000;25;2;11;19;23;27;30;34;3;8;38
2000;26;4;10;11;13;16;18;37;2;27;30
2000;27;18;22;23;25;26;31;34;29;30;37
2000;28;9;11;14;15;24;29;31;18;25;28
2000;29;1;5;7;10;16;19;21;9;18;33
2000;30;4;5;9;14;17;30;39;7;28;32
2000;31;2;11;17;25;26;32;38;1;30;37
2000;32;2;16;20;22;32;35;36;23;33;37
2000;33;4;6;8;13;15;22;37;20;24;25
2000;34;1;3;18;20;24;28;33;15;22;29
2000;35;10;11;12;17;18;31;36;16;28;30
2000;35;8;9;10;11;18;34;37
2000;36;1;5;6;8;16;30;39;10;12;36
2000;37;6;14;15;16;20;28;33;3;19;37
2000;38;9;10;14;23;30;36;38;20;29;33
2000;39;1;2;19;28;29;34;39;4;9;27
2000;40;2;5;16;25;31;34;38;7;19;36
2000;41;7;14;18;23;29;32;35;19;24;39
2000;42;3;6;13;18;19;21;29;25;35;37
2000;43;1;4;9;13;15;38;39;7;34;37
2000;44;2;7;13;24;28;33;39;19;30;31
2000;45;5;14;15;18;23;33;38;17;22;34
2000;46;6;7;11;12;19;20;36;3;10;26
2000;47;3;5;6;7;12;14;20;19;26;34
2000;48;1;4;25;26;32;34;37;15;16;28
2000;49;2;6;7;9;19;25;33;10;32;37
2000;50;4;15;19;22;29;31;37;18;20;24
2000;51;2;3;10;11;12;27;30;7;17;38
2000;51;8;26;28;34;35;37;38
2000;52;3;5;11;22;27;33;39;2;4;10
2001;1;5;8;22;28;30;33;37;7;10;21
2001;2;5;20;22;23;33;34;37;13;31;36
2001;3;1;5;7;12;24;29;33;4;6;11
2001;4;4;6;16;25;29;31;34;20;21;36
2001;5;1;2;7;10;23;28;39;13;18;32
2001;6;2;4;8;9;14;22;33;28;29;30
2001;7;9;11;16;20;31;35;36;10;23;32
2001;8;1;3;4;5;17;18;24;15;20;21
2001;9;2;7;13;20;29;31;37;4;18;39
2001;10;2;15;16;21;25;36;38;13;19;34
2001;11;7;10;13;14;16;21;33;6;11;32
2001;12;2;5;7;13;17;20;29;4;22;33
2001;13;12;15;17;18;34;35;39;1;3;6
2001;14;3;9;16;17;18;28;39;4;6;33
2001;15;15;17;18;20;22;35;37;7;16;32
2001;16;5;9;13;17;25;27;34;6;21;31
2001;17;9;11;17;19;24;35;37;7;28;30
2001;18;6;13;15;20;27;30;32;11;19;22
2001;19;5;22;24;28;30;35;39;16;27;34
2001;20;3;5;18;31;36;38;39;6;25;37
2001;21;1;2;10;12;15;31;35;11;17;21
2001;22;1;5;19;23;33;35;39;12;18;21
2001;23;1;2;4;5;8;32;35;17;25;36
2001;24;3;5;13;20;25;32;37;33;35;36
2001;25;4;8;24;27;28;34;36;6;7;23
2001;26;1;5;11;13;17;27;29;9;21;37
2001;27;6;9;11;16;25;34;35;7;18;39
2001;28;3;9;24;25;26;33;38;20;28;29
2001;29;2;6;10;12;20;32;36;8;25;30
2001;30;5;18;20;21;27;29;35;12;28;33
2001;31;1;12;15;22;32;37;38;2;21;39
2001;32;5;7;8;11;22;27;35;6;30;37
2001;33;8;14;15;22;26;27;29;12;17;18
2001;34;4;5;12;27;28;33;37;10;18;31
2001;35;4;10;17;21;26;31;36;2;20;28
2001;36;1;4;6;7;11;16;31;10;15;22
2001;37;8;10;23;30;32;34;35;33;38;39
2001;38;4;9;10;20;29;30;33;1;6;16
2001;39;3;5;24;25;30;35;36;8;10;20
2001;40;6;16;21;27;29;32;36;1;14;31
2001;41;4;13;18;19;25;28;35;11;22;23
2001;42;7;8;11;13;25;34;37;3;38;39
2001;43;3;4;9;10;15;24;26;8;13;27
2001;44;8;10;12;13;18;33;39;5;24;30
2001;45;6;7;10;12;19;31;38;2;8;11
2001;46;13;25;29;35;36;37;38;8;22;34
2001;47;3;6;9;12;13;14;39;23;32;34
2001;48;2;9;15;17;24;26;27;8;25;31
2001;49;3;4;14;17;18;33;38;6;11;36
2001;49;1;3;6;14;26;32;37
2001;50;1;14;16;27;30;36;38;25;28;35
2001;51;1;2;13;15;16;37;38;10;24;25
2001;52;3;6;12;26;29;38;39;16;25;34
2002;1;12;13;18;20;26;34;39;3;15;25
2002;2;2;7;15;24;25;34;39;4;18;23
2002;3;3;10;16;27;28;31;33;21;29;32
2002;4;5;7;14;21;26;35;36;3;8;34
2002;5;2;9;18;25;32;34;35;1;4;22
2002;6;5;7;13;20;21;23;32;30;31;34
2002;7;2;12;13;19;23;26;32;7;31;39
2002;8;3;9;19;24;33;35;38;15;23;29
2002;9;3;5;12;15;18;19;30;10;14;21
2002;10;4;9;22;25;30;38;39;5;10;14
2002;11;9;10;14;22;25;26;36;5;11;24
2002;12;1;8;9;17;19;25;29;18;31;36
2002;13;11;16;17;18;24;30;35;29;36;38
2002;14;9;13;15;18;20;30;35;27;37;38
2002;15;4;7;13;23;24;28;39;9;14;32
2002;16;5;8;9;21;22;25;26;10;33;37
2002;17;1;3;15;25;29;37;38;11;24;30
2002;18;4;5;10;13;22;30;31;17;21;25
2002;19;10;16;17;25;30;36;38;9;27;34
2002;20;2;3;10;25;26;31;34;1;30;36
2002;21;1;10;15;28;30;34;35;11;14;29
2002;22;3;4;6;15;18;36;37;10;20;28
2002;23;8;11;13;20;21;22;28;10;17;23
2002;24;7;8;10;16;22;29;36;28;33;37
2002;25;6;16;18;19;20;22;38;1;29;32
2002;26;10;19;31;32;33;34;36;25;27;30
2002;27;5;8;12;20;26;30;38;14;19;39
2002;28;2;12;13;22;27;36;37;10;14;21
2002;29;1;6;12;23;24;25;28;10;16;22
2002;30;7;10;11;13;26;30;39;1;4;36
2002;31;2;3;8;13;26;35;39;15;24;32
2002;32;6;14;16;26;32;35;36;19;24;33
2002;33;10;13;15;18;19;28;36;3;4;26
2002;34;4;6;17;19;21;24;25;5;12;29
2002;35;4;22;25;30;31;34;38;17;24;33
2002;36;13;16;21;28;30;34;35;22;23;36
2002;37;6;7;9;11;21;34;35;29;30;37
2002;38;10;12;14;18;24;27;33;6;15;31
2002;39;3;12;24;26;32;33;38;2;27;34
2002;40;8;14;24;27;29;34;36;2;5;19
2002;41;1;2;23;25;27;29;38;4;8;21
2002;42;1;7;9;12;21;22;30;13;14;19
2002;43;11;17;23;26;30;36;37;16;18;21
2002;44;3;9;11;15;29;30;32;4;33;36
2002;45;6;16;17;24;25;29;32;5;19;37
2002;46;5;8;12;15;18;27;36;21;33;37
2002;46;1;5;10;14;22;23;30
2002;47;1;3;6;8;19;22;35;2;5;12
2002;48;3;8;10;13;18;28;37;11;21;34
2002;49;6;7;12;26;29;35;36;3;5;17
2002;50;8;10;15;18;19;27;36;4;17;25
2002;51;9;16;20;21;28;29;34;10;19;38
2002;52;3;6;11;20;28;30;35;2;14;21
2003;1;9;17;19;22;28;30;37;18;21;25
2003;2;3;4;11;15;17;27;39;18;22;34
2003;3;4;5;29;32;36;37;38;13;14;15
2003;4;4;7;10;13;18;24;31;17;29;33
2003;5;14;15;21;25;28;34;38;2;33;37
2003;6;3;17;23;28;29;36;39;22;27;37
2003;7;4;20;22;23;27;34;38;9;13;14
2003;8;1;7;9;19;20;21;26;11;18;31
2003;9;1;3;17;18;23;28;34;7;25;31
2003;10;4;6;12;13;18;23;36;9;16;19
2003;11;5;6;12;22;26;28;36;9;24;34
2003;12;2;3;9;23;24;25;27;22;31;38
2003;13;9;14;16;18;23;29;39;5;31;32
2003;14;4;5;6;8;15;21;35;3;12;31
2003;15;2;8;9;19;27;31;39;1;10;23
2003;16;3;7;11;13;33;38;39;4;19;30
2003;17;14;16;21;24;32;33;36;4;9;28
2003;18;9;21;25;34;35;38;39;7;13;27
2003;19;6;17;18;23;25;30;32;15;34;37
2003;20;3;7;16;17;19;22;24;4;15;31
2003;21;1;5;18;21;25;33;37;3;14;39
2003;22;6;15;18;20;32;35;36;3;16;22
2003;23;1;3;19;24;27;32;36;11;13;17
2003;24;1;6;13;19;22;23;38;9;18;30
2003;25;1;6;12;14;25;31;34;19;27;28
2003;26;9;15;19;24;27;30;31;2;28;36
2003;27;2;7;18;19;31;33;38;15;26;34
2003;28;12;17;19;25;26;31;39;7;11;28
2003;29;12;14;16;19;27;37;39;3;5;22
2003;30;4;7;15;21;23;28;35;2;12;19
2003;31;4;5;10;14;15;24;37;18;21;39
2003;32;8;11;12;21;22;25;29;15;32;34
2003;33;2;14;15;24;32;35;38;4;21;26
2003;34;11;12;13;15;28;36;38;5;25;39
2003;35;6;9;21;28;33;36;38;3;19;39
2003;36;20;25;28;29;31;33;37;3;22;38
2003;37;4;6;16;23;34;36;38;5;19;32
2003;38;2;3;12;17;28;32;38;26;33;36
2003;39;8;13;27;28;33;34;38;16;23;37
2003;40;8;9;15;24;29;35;36;1;6;18
2003;41;2;4;9;19;21;28;35;3;7;11
2003;42;4;20;21;27;33;37;38;3;12;39
2003;43;5;6;14;29;30;34;37;17;20;31
2003;44;5;13;25;26;27;30;34;31;36;39
2003;45;2;10;11;27;28;36;38;3;8;32
2003;46;3;8;20;29;34;35;39;1;17;24
2003;47;2;6;14;24;26;29;31;4;19;35
2003;48;1;2;3;18;25;27;30;10;33;37
2003;49;2;5;10;14;16;17;23;30;37;38
2003;50;1;7;15;23;25;28;39;4;18;24
2003;51;2;3;7;8;9;22;25;1;5;13
2003;52;5;13;17;23;37;38;39;6;22;35
2004;1;3;6;7;8;21;32;34;1;24;39
2004;2;2;7;14;28;29;33;39;1;3;30
2004;3;12;17;19;23;24;28;30;9;13;37
2004;4;2;7;19;23;26;27;31;16;20;36
2004;5;2;6;11;12;15;17;30;3;20;34
2004;6;5;6;13;16;27;28;31;32;34;38
2004;7;14;15;17;21;28;29;32;12;31;34
2004;8;1;4;6;8;10;17;36;15;30;35
2004;9;5;7;10;11;17;20;39;3;9;13
2004;10;5;8;18;25;26;29;32;6;14;27
2004;11;1;3;16;30;35;37;38;10;20;24
2004;12;1;6;10;18;24;35;39;7;22;33
2004;13;1;7;20;21;23;27;30;3;10;13
2004;14;1;2;7;20;23;25;28;14;22;31
2004;15;11;12;18;22;26;29;31;8;27;36
2004;16;11;17;18;19;20;25;38;15;26;35
2004;17;5;7;14;18;20;23;27;3;11;28
2004;18;6;16;20;26;27;28;32;2;4;33
2004;19;1;7;10;19;28;30;38;2;4;5
2004;20;14;23;27;28;31;33;36;16;22;29
2004;21;3;12;17;19;33;36;39;21;23;38
2004;22;2;3;12;20;25;30;37;4;18;22
2004;23;1;6;11;15;21;28;38;19;20;24
2004;24;14;17;18;19;22;27;33;13;28;32
2004;25;2;3;5;12;18;30;32;16;38;39
2004;26;2;4;8;17;18;33;34;13;27;35
2004;27;1;5;10;25;27;29;32;9;12;22
2004;28;2;10;25;30;36;37;39;18;32;35
2004;29;10;15;19;21;22;23;37;1;6;26
2004;30;8;15;22;23;33;38;39;1;19;30
2004;31;10;20;21;27;30;31;36;6;22;29
2004;32;2;5;7;13;16;35;36;8;12;29
2004;33;5;10;18;35;36;37;39;13;23;34
2004;34;5;6;9;23;31;37;39;22;29;34
2004;35;3;5;16;19;27;29;33;10;12;23
2004;36;1;9;14;22;29;30;35;3;6;21
2004;37;1;2;14;21;22;33;39;24;31;32
2004;38;2;7;11;15;19;25;27;10;14;28
2004;39;3;11;13;21;30;36;39;2;19;23
2004;40;3;6;11;15;16;21;27;10;14;34
2004;40;2;17;18;22;24;36;38
2004;41;14;18;20;23;27;33;34;13;22;38
2004;42;1;4;12;18;21;28;35;15;19;24
2004;43;2;7;11;18;22;30;34;3;14;20
2004;44;1;15;17;22;23;25;34;2;6;35
2004;45;5;11;17;22;24;34;35;10;13;33
2004;46;3;15;16;17;18;25;28;21;29;34
2004;46;8;18;24;26;27;30;34
2004;47;1;2;6;11;18;24;29;7;8;17
2004;48;7;13;22;23;28;33;36;11;30;35
2004;49;2;13;17;23;24;32;33;7;31;35
2004;50;5;8;17;26;34;36;39;15;30;38
2004;51;13;16;21;22;23;27;38;2;18;19
2004;51;3;8;10;23;29;36;38
2004;52;4;8;9;13;16;22;23;2;5;12
2004;52;17;18;23;28;34;36;37
2005;1;1;2;7;9;11;23;36;3;27;31
2005;2;4;6;11;16;23;24;37;13;17;19
2005;3;1;13;17;18;20;35;37;3;30;34
2005;4;3;8;10;15;24;25;34;16;28;35
2005;5;2;4;12;25;26;32;36;17;23;35
2005;6;1;6;11;14;31;34;37;2;18;22
2005;7;10;15;19;20;22;25;37;6;9;28
2005;8;5;8;10;15;29;32;38;23;34;39
2005;8;3;4;11;16;18;33;37
2005;9;1;7;24;25;28;29;36;8;10;14
2005;10;1;12;18;21;26;27;33;14;24;32
2005;11;5;6;10;19;29;37;38;9;15;17
2005;12;3;6;18;22;25;27;33;24;29;34
2005;13;5;13;14;16;26;28;38;11;15;34
2005;14;11;16;26;31;33;35;38;5;9;24
2005;14;8;14;15;16;17;23;26
2005;15;7;18;21;22;25;29;39;1;13;35
2005;16;3;7;12;14;22;24;38;15;19;20
2005;16;3;11;15;17;18;24;29
2005;17;13;18;20;25;27;28;29;6;9;16
2005;18;2;6;7;9;19;22;26;4;30;33
2005;19;2;5;11;12;15;29;34;1;7;24
2005;20;1;8;10;16;19;20;27;15;35;36
2005;21;9;15;18;22;23;30;31;1;10;35
2005;22;3;10;17;18;25;38;39;1;21;31
2005;23;2;3;24;28;29;33;38;4;25;27
2005;24;7;15;19;21;33;36;37;11;16;28
2005;25;4;10;16;17;21;28;36;13;14;39
2005;26;2;5;8;17;21;25;33;4;22;38
2005;27;14;16;21;25;27;30;37;4;5;19
2005;28;1;2;3;12;31;33;38;6;25;36
2005;29;2;9;11;12;16;18;36;19;22;39
2005;30;5;14;21;23;28;33;37;4;8;12
2005;31;4;5;10;21;23;33;34;6;7;19
2005;32;5;9;16;19;20;37;38;11;17;31
2005;33;5;8;19;20;30;31;36;11;34;37
2005;33;1;13;15;18;27;28;34
2005;34;10;12;14;16;24;27;39;7;8;22
2005;35;1;4;6;19;30;33;37;2;13;24
2005;36;3;6;10;15;17;25;33;13;22;31
2005;36;2;3;11;19;20;26;29
2005;37;7;18;21;26;29;30;31;1;24;39
2005;38;10;12;20;21;22;26;39;3;17;25
2005;39;3;6;14;17;18;25;31;2;4;7
2005;40;1;2;11;15;23;26;33;7;18;20
2005;41;2;8;11;15;21;30;37;17;22;29
2005;41;1;2;6;18;23;24;36
2005;42;1;19;26;28;31;36;39;7;23;29
2005;43;4;7;8;12;15;35;37;17;23;31
2005;44;3;10;16;21;27;28;39;9;24;32
2005;44;3;4;5;8;17;20;39
2005;45;2;3;8;10;19;21;27;4;13;24
2005;46;4;13;14;25;28;36;37;3;35;39
2005;47;1;6;16;25;32;33;38;4;27;35
2005;48;2;7;11;18;21;30;34;17;25;33
2005;48;3;5;8;25;33;36;38
2005;49;9;20;24;25;27;34;38;7;15;21
2005;50;8;17;18;19;25;32;33;1;27;34
2005;51;1;12;14;19;21;26;33;9;15;34
2005;52;1;15;17;23;30;32;36;2;14;22
2005;52;14;16;20;27;29;33;34
2006;1;2;10;12;13;20;25;27;3;19;39
2006;2;1;13;15;23;25;29;33;3;4;17
2006;3;1;4;15;22;24;36;37;16;28;32
2006;4;4;9;12;22;32;33;34;18;25;31
2006;5;2;6;11;12;15;16;27;5;21;33
2006;6;2;9;11;17;19;20;30;5;15;34
2006;7;4;5;6;7;18;22;34;2;11;24
2006;8;5;7;15;23;26;27;39;16;17;33
2006;9;7;14;22;27;30;34;36;5;18;29
2006;10;1;6;11;12;18;28;35;3;30;38
2006;11;1;3;4;14;20;22;32;2;15;25
2006;12;4;6;13;20;27;33;36;18;19;29
2006;13;4;13;18;20;22;32;33;1;10;27
2006;14;7;16;20;23;24;28;31;2;10;13
2006;15;15;24;25;27;28;31;37;5;8;26
2006;16;7;10;14;29;32;35;36;2;3;23
2006;17;4;8;18;21;23;27;32;12;14;37
2006;18;7;8;13;20;23;24;29;6;25;36
2006;19;1;5;21;23;24;25;26;7;20;29
2006;20;9;18;23;26;31;38;39;4;11;21
2006;21;7;16;18;20;32;38;39;22;36;37
2006;22;1;4;12;21;22;27;30;11;32;33
2006;23;11;17;28;34;35;36;37;19;20;24
2006;23;3;9;12;13;14;30;36
2006;24;13;15;24;27;31;32;35;20;21;36
2006;25;2;6;11;12;20;28;30;17;22;38
2006;25;5;6;11;15;30;31;32
2006;26;2;8;13;24;26;29;36;14;25;39
2006;27;5;6;9;14;20;31;39;7;16;33
2006;28;4;10;19;27;30;34;39;6;24;29
2006;29;8;11;14;28;35;36;39;5;17;37
2006;30;5;14;23;24;25;27;37;3;17;30
2006;31;6;19;21;29;30;37;38;1;4;9
2006;32;3;13;16;19;31;32;36;7;9;29
2006;33;6;13;19;24;28;30;32;3;25;35
2006;34;26;30;32;34;35;37;38;3;4;5
2006;35;13;14;15;23;25;35;39;7;9;21
2006;36;4;6;12;15;17;22;27;9;10;31
2006;37;15;20;24;27;29;31;32;9;11;16
2006;38;2;7;12;29;30;31;38;8;15;39
2006;39;3;6;8;9;14;30;31;19;23;33
2006;40;18;20;21;22;26;27;32;1;19;37
2006;40;5;18;22;26;28;30;39
2006;41;5;8;9;22;24;30;35;10;11;14
2006;42;3;8;16;19;29;31;38;4;5;15
2006;43;4;17;20;26;27;32;39;2;31;38
2006;44;1;11;13;28;30;32;38;5;17;33
2006;45;1;2;17;18;22;25;26;6;23;32
2006;46;3;7;11;22;28;32;36;23;24;29
2006;47;2;4;10;22;23;36;38;9;28;37
2006;47;3;4;12;16;23;27;28
2006;48;3;8;22;26;27;31;34;5;15;36
2006;49;2;3;10;20;27;33;36;9;19;29
2006;50;2;5;10;18;27;29;37;8;14;38
2006;51;2;11;20;25;26;30;33;17;19;29
2006;52;9;13;16;20;24;33;37;12;21;38
2006;52;8;10;13;16;22;27;28
2007;1;7;16;18;27;30;31;32;2;3;11
2007;2;2;8;9;11;12;17;37;4;15;38
2007;3;5;9;26;30;32;37;38;4;8;27
2007;4;11;13;15;22;24;29;32;5;21;36
2007;5;2;8;11;17;23;25;39;3;24;32
2007;5;5;11;14;23;24;26;37
2007;6;3;5;15;20;23;34;35;9;16;37
2007;7;6;8;12;16;20;23;28;30;34;36
2007;8;10;15;20;28;32;36;38;4;9;16
2007;9;9;10;17;26;31;33;39;1;13;32
2007;9;2;4;7;19;20;31;37
2007;10;8;15;23;27;32;34;35;5;17;39
2007;11;4;11;15;20;22;23;29;7;17;25
2007;12;8;16;19;28;35;36;37;1;5;7
2007;13;2;16;17;32;35;37;39;4;27;34
2007;14;6;9;19;24;25;38;39;4;8;17
2007;14;7;9;17;30;32;36;39
2007;15;3;8;14;15;17;19;39;5;26;28
2007;16;1;3;12;25;26;33;38;7;14;17
2007;17;1;2;7;13;20;34;37;3;4;11
2007;18;7;12;14;17;36;38;39;6;30;32
2007;19;8;10;11;16;26;28;36;22;23;34
2007;19;3;4;5;20;25;31;36
2007;20;5;6;11;21;32;35;37;9;23;31
2007;21;3;7;14;23;30;36;38;12;25;35
2007;22;4;6;9;21;22;29;33;8;17;38
2007;23;6;7;8;14;19;21;25;12;28;33
2007;24;2;4;7;10;13;15;33;20;30;37
2007;25;4;20;24;28;29;30;38;10;22;25
2007;25;12;24;28;31;34;37;38
2007;26;3;5;7;13;14;16;31;9;11;27
2007;27;9;17;21;23;29;33;34;18;26;31
2007;28;4;7;12;22;26;37;38;1;14;25
2007;29;4;9;20;22;24;26;31;8;17;35
2007;30;5;7;14;27;31;35;36;15;20;23
2007;30;2;7;10;14;27;30;39
2007;31;3;15;21;24;33;38;39;10;19;27
2007;32;7;9;12;18;20;26;36;11;28;31
2007;33;1;8;9;15;22;26;31;4;14;21
2007;34;13;17;22;25;27;29;31;8;10;15
2007;34;8;18;20;31;32;34;38
2007;35;1;7;13;15;23;36;39;2;4;37
2007;36;16;17;18;25;29;32;39;6;30;38
2007;36;3;6;15;17;25;32;35
2007;37;1;4;6;7;21;32;39;11;25;28
2007;38;3;17;24;28;30;33;35;6;25;34
2007;39;15;16;21;27;28;38;39;9;14;17
2007;39;5;8;17;22;28;32;33
2007;40;2;6;24;27;29;34;36;3;13;31
2007;41;5;6;13;20;23;24;36;17;19;37
2007;41;8;11;12;14;23;26;37
2007;42;6;9;28;29;35;36;39;7;12;13
2007;43;7;8;20;22;24;26;39;2;3;9
2007;44;2;6;17;21;24;27;38;12;35;37
2007;45;2;16;18;23;25;30;37;14;31;39
2007;46;9;17;18;25;26;32;33;3;6;24
2007;47;4;11;12;16;17;28;35;5;10;13
2007;48;16;17;21;22;27;29;30;1;6;28
2007;49;4;12;15;17;18;25;29;5;27;34
2007;50;3;7;23;29;31;34;37;17;19;33
2007;51;1;16;17;18;23;29;33;21;22;30
2007;52;9;23;24;27;31;38;39;1;22;35
2008;1;18;23;24;25;32;35;39;10;36;37
2008;2;9;11;15;16;17;25;30;2;10;34
2008;3;13;15;20;27;30;32;35;1;8;33
2008;4;3;6;11;20;23;29;33;4;7;10
2008;5;2;12;17;22;24;27;29;1;19;26
2008;6;2;6;7;14;16;31;38;21;25;34
2008;7;8;12;13;14;15;16;24;9;34;39
2008;8;3;4;5;10;15;28;29;13;23;36
2008;9;3;5;6;13;14;21;26;8;24;32
2008;10;3;4;9;11;13;21;36;14;17;28
2008;11;8;21;22;29;33;35;38;14;17;18
2008;12;7;13;21;23;24;28;32;10;19;33
2008;13;1;3;6;14;18;27;35;4;22;37
2008;14;9;12;16;17;20;22;37;18;26;32
2008;15;19;21;22;27;30;32;33;6;24;38
2008;16;4;5;13;15;17;24;35;25;27;30
2008;17;11;18;23;28;30;37;38;16;19;36
2008;18;1;15;29;30;31;38;39;13;23;35
2008;19;4;9;17;20;26;27;37;7;8;19
2008;20;8;14;19;25;27;28;32;7;13;18
2008;20;5;8;9;10;13;20;21
2008;21;11;16;20;22;33;37;38;1;15;39
2008;22;1;9;22;23;26;35;38;12;17;29
2008;23;6;10;23;24;33;36;37;2;7;26
2008;24;1;3;17;19;21;34;38;7;10;31
2008;25;4;12;16;21;33;37;38;6;10;39
2008;26;2;7;17;20;21;32;33;13;18;39
2008;27;3;7;16;20;23;32;34;12;15;24
2008;28;6;8;10;15;16;32;38;26;30;36
2008;28;3;6;10;11;12;28;35
2008;29;16;24;26;29;30;36;37;3;14;25
2008;30;3;14;17;29;36;38;39;27;28;37
2008;31;3;5;12;13;18;22;38;6;9;32
2008;32;7;10;17;19;22;34;35;5;27;36
2008;33;6;9;22;23;31;33;39;3;17;38
2008;34;6;9;18;22;30;32;35;13;19;28
2008;35;7;13;22;29;35;36;38;3;14;24
2008;36;3;11;12;18;25;29;31;9;19;24
2008;37;7;14;22;23;26;28;37;1;12;33
2008;37;8;15;17;20;22;35;39
2008;38;5;7;12;18;21;24;25;14;31;34
2008;38;6;7;10;17;18;19;33
2008;39;5;7;10;14;19;36;37;11;29;32
2008;40;2;6;18;21;26;35;38;3;5;11
2008;40;8;11;25;26;33;34;39
2008;41;9;16;18;25;26;29;34;13;14;33
2008;41;2;5;6;7;17;31;33
2008;42;7;11;15;24;31;33;39;5;22;25
2008;43;6;10;16;17;18;26;29;7;31;34
2008;44;1;12;14;17;22;27;39;7;18;19
2008;45;10;13;16;17;19;27;28;14;23;36
2008;46;1;9;16;18;19;22;29;4;6;36
2008;47;4;13;16;17;21;31;32;2;28;30
2008;48;3;4;11;13;25;26;28;5;7;20
2008;49;2;4;5;18;27;32;34;14;20;33
2008;50;6;8;9;16;22;24;38;12;30;32
2008;51;5;14;17;21;29;32;35;7;34;38
2008;52;1;13;19;24;25;33;35;11;32;39
2008;52;4;12;16;22;27;30;35
2009;1;8;9;10;19;20;21;31;22;34;38
2009;2;11;12;14;18;24;25;34;6;16;28
2009;3;9;16;18;28;30;32;34;3;26;35
2009;4;1;7;11;22;27;28;34;9;14;25
2009;5;5;17;24;25;32;33;34;8;13;37
2009;6;1;2;6;7;27;32;36;8;19;21
2009;7;9;11;12;13;15;19;35;5;23;31
2009;8;1;7;19;26;27;33;36;9;29;38
2009;9;3;12;18;20;26;31;39;15;17;27
2009;10;19;20;24;32;33;35;38;1;10;28
2009;11;6;14;17;27;31;36;39;7;15;22
2009;12;2;5;8;14;16;31;36;21;33;34
2009;13;1;4;11;20;25;28;30;10;31;38
2009;14;4;9;12;17;27;28;30;1;14;33
2009;15;3;4;15;17;31;33;39;2;10;38
2009;16;3;7;20;24;26;33;38;10;22;30
2009;17;2;3;9;21;24;27;29;1;17;28
2009;18;2;5;6;21;37;38;39;12;18;24
2009;19;5;16;25;26;27;30;32;7;14;38
2009;20;10;22;24;26;27;30;32;1;8;38
2009;21;16;19;27;29;30;38;39;18;21;23
2009;22;6;7;9;18;19;24;27;14;31;35
2009;23;3;14;15;20;34;35;37;4;25;29
2009;24;6;7;11;18;24;31;38;19;27;30
2009;25;2;13;17;26;28;33;39;19;21;27
2009;26;5;11;16;18;26;27;32;7;23;30
2009;27;1;8;10;13;23;25;29;6;14;33
2009;28;4;8;10;11;26;30;33;1;3;38
2009;29;4;7;9;17;21;24;35;16;19;36
2009;30;10;19;23;25;27;28;36;13;14;39
2009;31;4;12;21;23;26;27;34;15;30;32
2009;32;1;5;14;16;24;27;38;9;15;23
2009;33;4;25;32;33;34;36;38;29;30;37
2009;34;17;19;28;30;33;34;36;11;20;27
2009;35;3;7;14;18;31;33;38;16;20;27
2009;36;1;5;18;21;26;29;36;3;34;35
2009;37;1;9;15;16;25;34;38;4;6;39
2009;38;6;10;12;23;24;28;30;13;26;27
2009;39;2;8;16;20;25;34;37;1;12;15
2009;40;2;4;10;25;27;35;36;20;32;37
2009;41;1;6;18;25;32;33;35;14;16;29
2009;42;2;12;18;24;27;33;34;1;9;10
2009;43;4;6;16;19;26;32;33;5;10;22
2009;44;4;5;8;31;36;37;39;1;2;16
2009;45;14;17;18;23;26;34;37;3;6;20
2009;46;3;5;26;27;28;30;32;12;13;31
2009;47;5;10;15;18;26;31;37;2;8;13
2009;48;2;4;6;23;27;31;34;18;19;21
2009;49;3;12;15;18;26;33;38;23;32;36
2009;50;3;10;11;13;18;28;38;4;6;21
2009;51;2;3;17;25;27;35;36;18;30;37
2009;52;14;18;19;20;30;32;39;11;22;27
2010;1;6;12;20;21;26;29;31;4;23;32
2010;2;13;20;28;31;33;35;37;15;32;36
2010;3;5;16;17;21;26;27;28;2;22;39
2010;4;4;14;21;23;25;26;33;22;27;32
2010;5;1;2;5;14;19;29;31;16;17;22
2010;6;2;9;11;15;19;31;37;16;27;36
2010;7;7;14;23;24;30;31;37;8;10;15
2010;8;5;21;24;28;29;36;37;12;14;22
2010;9;6;11;13;17;19;27;36;2;4;20
2010;10;2;7;14;16;20;24;25;33;34;38
2010;11;15;23;28;29;31;36;39;12;22;37
2010;12;3;15;18;20;24;31;33;2;4;36
2010;13;1;2;11;21;27;34;39;14;25;35
2010;14;7;8;11;12;13;22;25;5;9;19
2010;15;3;4;10;13;15;28;37;16;19;36
2010;16;6;21;22;24;33;34;39;11;19;32
2010;17;2;15;22;25;30;34;36;3;7;11
2010;18;2;10;14;15;16;20;36;21;29;39
2010;19;1;11;22;28;30;31;35;5;26;34
2010;20;3;9;14;20;27;28;37;15;17;36
2010;21;2;21;23;30;31;32;36;4;28;37
2010;22;3;5;17;19;26;36;38;14;25;27
2010;23;1;2;4;5;7;10;25;9;31;36
2010;24;2;3;6;8;11;15;26;21;22;35
2010;25;1;9;10;20;22;28;30;8;18;38
2010;26;9;10;26;28;29;37;38;14;18;21
2010;27;14;15;16;25;26;27;34;4;20;22
2010;28;2;13;15;20;23;27;37;3;6;33
2010;29;11;14;16;20;30;35;37;17;19;22
2010;30;10;11;13;17;19;24;39;15;23;25
2010;31;11;13;14;18;24;25;33;4;9;37
2010;32;4;12;13;16;18;27;31;21;34;35
2010;33;1;7;17;27;30;34;35;2;23;25
2010;34;2;3;6;14;20;32;39;11;16;29
2010;35;5;8;12;24;28;32;38;22;31;36
2010;36;3;5;13;22;26;27;30;6;20;34
2010;37;4;7;14;16;19;26;38;9;15;37
2010;38;4;9;13;23;25;33;35;10;20;32
2010;39;1;4;8;17;23;37;38;11;19;31
2010;40;1;7;9;23;31;35;38;8;28;32
2010;41;2;8;13;14;19;21;30;4;9;22
2010;42;1;12;19;20;22;29;34;18;33;39
2010;43;2;5;12;13;20;23;26;1;8;24
2010;44;1;5;8;14;18;28;33;15;31;32
2010;45;9;10;13;17;20;21;25;1;24;31
2010;46;6;8;9;10;22;34;38;2;26;33
2010;47;1;3;11;18;19;24;28;20;30;35
2010;48;2;7;10;18;24;26;34;8;28;37
2010;49;1;9;12;22;35;36;38;13;21;32
2010;50;1;8;11;28;30;33;37;2;4;36
